Model_Name,Learning_Rate,Macro_F1,Peak_VRAM_MB
Model A (Base DistilmBERT),1e-05,0.8144285429677445,2518.5
Model A (Base DistilmBERT),1.2e-05,0.8131483334959988,2521.22
Model A (Base DistilmBERT),1.5e-05,0.8204486662952976,2523.22
Model B (DAPT-DistilmBERT),1e-05,0.8221666531363647,2523.22
Model B (DAPT-DistilmBERT),1.2e-05,0.8213294797142389,2523.22
Model B (DAPT-DistilmBERT),1.5e-05,0.8264546843676456,2523.22
Model C (XLM-R Base),1e-05,0.8359087009183302,5628.42
Model C (XLM-R Base),1.2e-05,0.8468262439368623,5626.42
Model C (XLM-R Base),1.5e-05,0.8431929770623411,5631.42
