Model A (Base DistilmBERT),Model B (DAPT-DistilmBERT),Model C (XLM-R Base),Model D (Optimized DAPT)
94.16910000004464,110.43289999997796,193.72599999996964,34.30559999969773
94.89189999999326,100.57490000008329,193.82619999987583,31.372099999771308
95.56049999991956,99.3954999999005,192.97329999972135,30.43470000011439
94.93670000006205,96.43480000022464,191.02870000006078,31.651499999952648
93.3357999999771,99.08919999998034,184.22229999987394,31.871099999989383
94.46589999993193,98.26500000008309,196.12599999982194,31.872399999883783
94.066100000191,97.11950000018987,191.54159999970943,31.77240000013626
93.48399999998946,98.90360000008513,187.28620000001683,31.529600000339997
94.84200000019882,99.91429999990942,189.87819999983913,30.43550000029427
94.83219999992798,100.0461999997242,186.71309999990626,32.14269999989483
95.59260000014547,103.92730000012307,186.59889999980805,30.69679999998698
94.10509999997885,97.37459999996645,185.838099999728,33.7878999998793
93.23599999993348,94.20490000002246,191.1221000000296,30.76280000004772
93.5704999999416,99.49039999992237,186.12190000021656,32.37439999975322
93.65779999984625,100.0543000000107,184.78940000022703,33.251299999847106
94.388699999854,95.0738999999885,185.4684999998426,34.530200000062905
93.11840000009397,101.96240000004764,185.10730000025433,30.78159999995478
93.5679000001528,95.30660000018543,184.8389000001589,31.57950000013443
93.40500000007523,94.47020000015982,186.26240000003236,32.88159999965501
94.05339999989337,93.03120000004128,187.4640000000909,33.36219999982859
93.20950000005723,93.48399999998946,186.25169999995705,32.60869999985516
93.83010000010472,93.56179999986125,190.03169999996317,30.792699999892648
93.04080000015347,93.5685000004014,188.6942999999519,32.269499999983964
92.98280000007253,93.22759999986374,187.2386000000006,36.09899999992194
93.964700000015,93.11690000004091,197.6558000001205,32.22880000021178
93.53370000007999,93.64259999983915,189.1458000000057,34.07559999959631
96.00509999995666,94.1173000001072,190.59500000003027,33.20439999970404
93.98379999993267,92.42959999983213,189.46290000030785,30.333300000165764
93.3652000001075,93.7696999999389,191.56010000006063,30.683500000122876
94.44759999996677,92.64110000003711,187.3449999998229,29.96499999972002
93.67429999997512,92.87080000012793,187.73250000003827,30.260600000019622
93.727299999955,93.75610000006418,190.4832999998689,30.154399999901216
95.57229999995798,92.91470000016488,189.2189000000144,30.832000000373228
94.22670000003563,93.18740000026082,186.38129999999364,30.46630000017103
93.40569999994841,93.29739999975573,187.40119999984017,31.061900000167952
93.5565999998289,93.09299999995346,189.59470000027068,30.90569999994841
96.08000000002903,93.45859999984896,188.66429999980028,31.131700000059936
94.60200000012264,93.22829999973692,190.33829999989393,30.770399999710207
96.02619999986928,92.8764999998748,187.59470000031797,30.171399999744608
95.86290000015651,93.71169999985796,185.34890000000814,30.03949999992983
93.95410000001903,93.66209999961939,189.46020000021235,29.93940000033035
94.43489999989652,93.53379999993194,188.227900000129,32.868300000245654
94.55639999987397,94.69660000013391,188.22809999983292,31.6422999999304
96.76570000010543,92.27150000015172,186.19779999971797,32.33410000029835
97.4242999998296,92.90829999963535,184.11879999985103,32.888700000057725
93.94480000014482,93.39499999987311,185.13530000018363,31.981500000256347
93.59100000006038,93.09120000034454,185.2195000001302,33.072599999741215
92.92249999998603,94.02869999985342,186.07620000011593,32.907799999975396
93.86779999999817,92.9919999998674,184.4266999996762,30.308299999887822
94.523099999833,93.13109999993685,184.35840000029202,33.77469999986715
92.28880000000572,93.43280000030063,184.34449999995195,30.97429999979795
92.88349999997081,92.57740000020931,185.43910000016695,32.10099999978411
93.37389999996049,93.8853000002382,186.98670000003403,32.19669999998587
93.25889999990977,93.00290000010136,188.55399999984002,32.49139999979889
92.89869999997791,92.96899999981179,185.1211999996849,32.001600000057806
94.76310000013655,92.34440000000177,184.61539999998422,30.2985000002991
93.0627000000186,93.04680000013832,188.89990000025136,31.69160000015836
92.71459999990839,92.7176000000145,189.88509999962844,34.032700000352634
92.88800000012998,92.8235000001223,193.62480000017968,31.789500000286353
93.8170000001719,92.19249999978274,188.47339999956603,31.778799999756302
93.61149999995177,93.63239999993311,186.25999999994747,30.84790000002613
94.11230000000614,93.24579999974958,187.89769999966666,30.32070000017484
93.51379999998244,93.2105000001684,186.3561000000118,30.49360000022716
94.04909999989286,92.66440000010334,189.0462999999727,31.660899999678804
93.97340000009535,94.38219999992725,186.7326999999932,31.192899999950896
94.046900000194,93.1749999999738,186.4954000002399,30.744099999992613
93.10209999989638,93.79880000005869,185.80500000007305,32.235899999705
92.32409999981428,94.01399999978821,185.1515000003019,30.77740000026097
93.08120000014242,93.57500000032815,187.83619999976509,31.210299999656854
94.26159999998163,93.9450000000761,184.55720000019937,30.66690000014205
93.76810000003388,93.55579999964903,183.55129999963538,30.88789999992514
94.4285000000491,93.18599999960497,184.02430000014647,30.554700000266166
93.33459999993465,92.79120000019248,184.4450000003235,30.57760000001508
96.41919999990023,93.09080000002723,186.33009999985006,31.171699999958946
94.77730000003248,93.12920000002123,182.9779999998209,31.243200000062643
96.69800000006035,93.73950000008335,184.82350000022052,33.39080000023387
94.43000000010215,93.14680000034059,183.74210000001767,30.32069999972009
95.53630000004887,93.16859999989902,184.90569999994477,30.333199999859062
93.27129999996941,93.62779999992199,183.9073000001008,30.539500000031694
94.20460000001185,93.56449999995675,189.92729999990843,30.274700000063604
94.38490000002275,93.79030000036437,188.55900000016845,30.60970000024099
93.82030000006125,92.28110000003653,184.8322000000735,30.555700000149955
93.42089999995551,93.04550000024392,185.15210000032312,30.26910000016869
93.73619999996663,92.78519999998025,187.42280000014944,30.666300000120827
94.94599999993625,92.67399999998815,190.74070000033316,31.32740000000922
93.52430000012646,93.70909999961441,189.4763000000239,31.591500000104134
92.66030000003411,93.52660000013202,184.3244000001505,31.15650000017922
93.78459999993538,92.8487999999561,185.21640000017214,31.07849999969403
93.52629999989404,93.44280000004801,183.8158000000476,30.605799999648298
92.95059999999467,92.75760000036826,186.75349999966784,31.240299999808485
93.28059999984362,92.88560000004509,184.40989999999147,31.00640000002386
96.2706000000253,93.34420000004684,189.30409999984477,30.843000000004395
93.62799999985327,92.56619999996474,189.20810000008714,30.709099999967293
93.5432999999648,92.76099999988219,187.77219999992667,30.656399999770656
93.20049999996627,92.6193999998759,185.55620000006456,30.279999999947904
93.90480000001844,93.14319999975851,184.3420000000151,30.590399999709916
93.64340000001903,93.52180000041699,183.31790000002002,31.769299999723444
93.7315999999555,92.90020000025834,185.3227000001425,31.02100000023711
93.88550000016949,93.7300000000505,184.26439999984723,30.8298999998442
92.90270000019518,92.84100000013495,183.6463999998159,30.666199999814125
93.186199999991,93.6466000002838,184.32650000022477,30.338300000039453
92.65430000004926,93.05760000006558,183.60679999977947,30.89049999971394
93.18750000011278,93.43660000013188,185.44480000036856,30.6073000001561
93.42660000015712,92.77179999980945,184.6040999998877,30.85030000011102
94.1173000001072,92.75519999982862,184.7274000001562,30.75459999990926
93.51100000003498,92.135700000199,183.93369999967035,31.06209999987186
93.03859999999986,92.96109999968394,184.89350000027116,31.682899999850633
92.90469999996276,93.0025000002388,185.4342000001452,31.199700000343
93.92499999989923,92.60930000027656,184.44229999977324,35.21440000031362
93.61390000003667,92.67189999991388,185.7046000000082,33.92809999968449
93.81129999997029,92.07950000018172,183.53079999997135,32.51499999987573
92.57099999990714,93.3046000000104,185.24680000018634,31.786900000042806
93.31229999997959,92.15219999987312,184.06279999999242,30.8577000000696
93.03520000003118,92.99499999997352,184.1842999997425,30.742800000098214
92.78459999995903,92.55500000017491,184.321700000055,30.700100000103703
93.72030000008635,93.09219999977358,183.1422999998722,32.75439999970331
94.20910000017102,92.97220000007655,184.6955999999409,31.825100000332895
93.93740000018624,92.54349999991973,184.17150000004767,32.34130000009827
94.65700000009747,92.66290000005029,184.64190000031522,31.358499999896594
92.55930000017543,93.81039999971108,184.11420000029466,31.23150000010355
93.5465000000022,92.68019999990429,184.11639999976614,32.439399999930174
98.82229999993797,92.48040000011315,183.63739999995232,32.352199999877485
94.02990000012323,93.26999999984764,184.01680000033593,33.753600000181905
94.5444999999836,92.70479999986492,183.67869999974573,32.42399999999179
93.76889999998639,94.22069999982341,184.0543000002981,32.86560000015015
93.75089999980446,93.21780000027502,183.67069999976593,35.02630000002682
94.30350000002363,93.51610000021537,184.68299999994997,33.66580000010799
93.88079999985166,92.64789999997447,183.52920000006634,32.12589999975535
94.12339999994401,93.56949999983044,183.50799999961964,33.70889999996507
92.7243000000999,93.24530000003506,185.68709999999555,31.10370000013063
93.51799999990362,93.011800000113,182.6960999997027,30.190099999799713
94.06419999982063,92.7455999999438,184.43489999981466,31.13470000016605
92.6292999999987,93.66570000020147,183.69869999969524,31.092400000034104
92.81880000003184,93.53379999993194,184.7578000001704,30.769499999678374
93.92179999986183,92.49339999996664,185.02360000002227,30.995200000234036
92.89239999998244,92.07370000012816,183.98800000022675,32.553700000335084
94.79069999997591,92.87749999975858,184.15060000006633,31.527799999821582
94.36760000016875,93.28460000006089,183.43619999996008,32.00939999987895
93.07400000011512,92.58120000004055,184.45870000005016,31.66209999972125
99.20440000018971,92.77130000009493,183.59529999997903,30.4759999999078
98.58550000012656,93.96419999984573,185.0233999998636,30.434000000241213
96.65150000000722,93.83549999984098,183.30070000001797,30.296200000066165
92.82050000001618,92.2072999996999,183.0061000000569,30.15800000002855
92.49610000006214,92.91399999983696,184.1121999996176,30.42989999994461
93.77380000000812,92.58529999988241,186.27489999971658,29.879000000164524
94.7936000000027,93.76309999970545,184.894400000303,30.25359999992361
93.99229999985437,92.92349999986982,184.96330000016314,30.334600000060163
94.81200000004719,93.28330000016649,182.92490000021644,30.189799999789102
93.35570000007465,92.62639999997191,183.23319999990417,30.632400000285998
93.03890000001047,93.09489999986909,183.2243999997445,30.48690000014176
96.06850000000122,92.67629999976634,184.0081000000282,31.210099999952945
96.41369999985727,92.66690000004019,183.87070000017047,31.05760000016744
98.6184000000776,92.9095999999845,183.65220000032423,30.95930000017688
95.31210000000101,92.64849999999569,183.64440000004834,30.88369999977658
93.86389999986022,93.27319999965766,183.68080000027476,30.642600000192033
94.28309999998419,93.0634999999711,183.27069999986634,30.56930000002467
93.2505000000674,92.4021000000721,183.73030000020663,31.046600000081526
94.4524999999885,91.72259999968446,183.063200000106,30.362099999820202
94.34280000004946,92.69699999958902,183.1574000002547,31.241099999988364
93.32180000001244,91.99179999995977,183.11910000011267,30.365399999936926
93.28189999996539,93.2358000000022,183.55460000020685,31.17740000016056
94.66689999999289,92.35609999996086,183.3310000001802,31.419299999924988
95.44519999985823,92.64870000015435,183.34109999977954,31.09309999990728
99.62599999994382,93.3629999999539,183.21100000002843,31.283199999961653
98.63859999995839,93.46189999996568,182.88100000017948,30.778800000007323
98.15889999981664,92.82149999989997,182.19960000033097,30.577700000321784
95.33509999982925,93.1044999997539,184.4549000002189,30.739599999833445
95.45180000009168,92.86970000039219,185.02489999991667,31.325699999797507
99.715900000092,92.86359999987326,185.77630000027057,31.700500000169995
97.24519999986114,94.44340000027296,183.36460000000443,30.764000000090164
97.08230000001095,92.83929999992324,182.59189999980663,30.754500000057305
97.12730000001102,93.00340000027063,184.17060000001584,30.776999999943655
98.77959999994346,93.94520000023476,185.19270000024335,31.506300000273768
96.24919999987469,93.30809999983103,185.00619999986156,30.917500000214204
93.1470000000445,92.5998000002437,184.37109999968015,30.549400000381866
94.12079999992784,92.45929999997315,183.3267000001797,31.116000000110944
93.15409999999247,93.47359999992477,183.3556999999928,30.383699999674718
97.69389999996747,92.92569999979605,183.70359999971697,30.363600000328006
95.2190000000428,94.15319999970961,184.57429999989472,30.38169999990714
93.45760000019254,94.0722000000278,185.88260000024093,31.30330000021786
93.93460000001141,93.91319999986081,183.1478999997671,30.289499999980762
93.60639999999876,93.00669999993261,184.7554000000855,30.347299999903043
93.67459999998573,92.12690000003931,183.0221000000165,30.190200000106415
94.798899999887,94.3649999999252,183.92129999983808,30.66930000022694
94.30499999984931,92.50280000014754,184.2514999998457,31.44030000021303
93.48439999985203,93.10180000011314,184.39309999985198,31.06130000014673
92.88390000006075,92.33240000003207,186.07569999994666,30.647999999928288
93.62749999991138,94.06979999994292,183.22160000025178,30.51220000043031
95.16999999982545,92.5982000003387,183.84629999991375,30.360400000063237
98.55249999986881,92.63749999990978,184.665600000244,32.06940000018221
98.53269999985059,93.6135000001741,185.37979999973686,30.59399999983725
97.90190000012444,93.22710000014922,184.1497000000345,31.67959999973391
96.97960000016792,93.20769999976619,184.33939999977156,31.145399999786605
96.43259999984366,92.87959999983286,183.83349999976417,31.024300000353833
99.0326000001005,93.14719999974841,185.30509999982314,30.72280000014871
99.23350000008213,92.5321999998232,184.5074999996541,30.367200000000594
98.87559999992845,92.1278999999231,183.98230000002513,30.980100000306265
97.79019999996308,93.05110000013883,184.05880000000252,30.37210000002233
97.43400000002111,93.06450000030964,185.47199999966324,30.811699999958364
94.40829999994094,92.94330000011541,183.4923000001254,30.390500000066822
95.28640000007726,93.05140000014944,183.39130000003934,31.40209999992294
93.19110000001274,93.5273000000052,184.68010000015056,32.20610000016677
94.06289999992623,94.1118999999162,183.02349999976286,31.051499999648513
92.93270000011944,92.48729999990246,184.50190000021394,33.41970000019501
95.18350000007558,92.74899999991248,183.92739999990226,31.545199999982287
92.6792000000205,92.84320000006119,185.43299999964802,34.34749999996711
92.66739999998208,92.3413000000437,184.67599999985396,34.357700000327895
95.04739999988487,92.38060000006953,183.81060000001526,35.43369999988499
93.28620000019328,93.33040000001347,184.08529999987877,35.611299999800394
95.85330000004433,94.77479999986826,184.29990000004182,39.568599999711296
93.28660000005584,92.05539999993562,183.55109999993147,35.38380000009056
93.39380000005804,92.31969999973444,182.82789999966553,34.00150000015856
93.51909999986674,91.66310000000522,186.64099999978134,33.836100000371516
93.22470000006433,91.79949999997916,183.3784000000378,35.23119999999835
92.6408000000265,92.41850000034901,184.0732000000571,35.04539999994449
95.06150000015623,93.0198000000928,184.48590000025433,34.61590000006254
93.27029999985825,96.22469999976602,183.396900000389,36.04320000022199
92.84329999991314,93.25010000020484,183.337400000255,32.52119999979186
92.9562999999689,92.753299999913,183.3158999997977,33.4379999999328
93.63239999993311,93.78259999994043,184.30510000007416,34.367700000075274
95.00710000020263,93.06549999973868,183.73040000005858,33.38799999983166
94.014999999672,93.45829999983835,186.01500000022497,33.62459999971179
93.40780000002269,93.45530000018698,183.36930000032226,33.369499999935215
93.7183000000914,93.40309999970486,184.78509999977177,33.6195999998381
94.75209999982326,93.85229999998046,184.02999999989333,33.202000000073895
95.4132000001664,93.00960000018677,182.74530000007871,31.584900000325433
94.33179999996355,94.18970000024274,186.22419999974227,33.5334999999759
93.73239999968064,93.73849999974482,185.92820000003485,32.196599999679165
93.01060000007055,92.84389999993437,192.5536000003376,32.29049999981726
93.79560000024867,92.82560000019657,191.94880000031844,33.17460000016581
95.26999999980035,94.47769999997035,187.27539999963483,32.40129999994679
95.70379999968281,94.5833999999195,192.10149999980786,32.376299999668845
93.71580000015456,94.57400000019334,195.703500000036,30.760499999814783
93.42879999985598,94.75079999992886,196.2119999998322,30.512600000292878
93.73460000006162,94.83619999991788,195.39789999998902,30.58129999999437
92.98420000004626,94.67480000012074,192.82609999982014,31.599999999798456
94.97640000017782,95.08819999973639,189.68219999987923,32.80640000002677
93.0874999999105,93.51909999986674,195.46799999989162,31.860600000072736
93.28069999992294,94.35609999991357,194.12460000012288,31.301299999995535
93.01539999978559,92.60740000036094,192.57120000020223,31.109399999877496
93.32590000030905,93.70420000004742,188.4908999995787,31.93829999963782
94.85339999991993,93.61300000000483,185.49699999994118,32.15679999993881
94.29099999988466,92.71310000031008,184.76579999969545,31.38330000001588
93.77700000004552,92.75269999989177,186.69739999995727,31.493099999806873
93.56489999981932,92.53030000036233,188.94509999972797,31.83660000013333
94.98119999989285,93.96779999997307,183.73879999990095,31.463499999972555
95.99030000026687,93.01480000021911,187.27129999979297,33.01899999996749
93.42339999966498,93.21940000018003,187.59240000008504,32.05019999995784
92.58730000010473,93.86789999962275,188.50410000004558,32.38439999995535
93.29569999999876,93.09910000001764,186.96629999976722,33.51300000031188
94.25200000032419,92.8343999999015,184.9651000002268,33.41520000003584
94.49229999972886,93.4650999997757,187.23129999989396,33.50589999990916
94.63219999997818,92.87140000014915,185.23979999963558,32.85069999992629
94.26480000001902,92.02740000000631,185.73390000028667,32.537999999931344
93.13539999993736,92.25010000000111,185.14189999996233,31.016100000215374
93.27530000018669,94.36529999993581,189.69020000031378,32.82330000001821
93.06280000009792,92.73170000005848,187.56530000018756,31.288900000163267
93.42839999999342,93.20119999983945,187.13590000015756,30.61409999963871
92.95000000020082,92.65850000019782,186.53879999965284,32.60199999976976
93.24470000001384,92.68370000017967,186.97580000025482,31.784700000116572
93.15849999984493,92.5600000000486,188.08320000016465,33.361600000262115
93.303300000116,93.337899999824,188.34349999997357,33.76699999989796
96.45299999965573,94.28190000016912,185.46150000020134,30.72680000013861
92.85859999999957,93.12839999984135,188.33139999969717,30.511200000091776
93.63370000028226,92.42929999982152,187.23610000006374,30.524100000093313
92.96199999971577,92.68909999991592,186.08369999992647,30.19349999976839
93.43540000008943,92.98159999980271,184.46369999992385,30.44720000025336
93.5577000000194,92.8462000001673,184.49069999996937,30.438199999935023
96.19620000012219,92.48660000002928,184.9790999999641,30.416500000228552
92.16160000005402,95.58109999989028,186.82940000007875,30.3580999998303
93.21020000015778,92.57139999999708,185.5476999999155,31.380599999920378
93.79940000007991,92.51679999988482,184.59889999985535,31.612499999937427
94.01960000013787,93.4652000000824,185.4009999997288,30.956500000229425
96.01410000004762,93.46199999981764,184.5701000002009,30.835099999876547
92.55949999987934,92.74790000017674,186.8693000001258,32.22170000026381
93.37659999982861,92.10720000010042,188.91969999958746,31.103499999971973
91.8971999999485,91.95219999992332,185.31819999998334,30.248499999743217
92.82159999975192,92.6726000002418,186.74669999973048,32.2771000001012
91.87130000009347,94.26719999964916,186.20340000006763,31.549100000120234
95.24170000031518,92.68790000032823,184.83480000031705,31.500600000072154
92.33899999981077,93.3509999999842,186.02889999965555,30.564700000013545
92.1266000000287,92.2363999998197,187.0224999997845,30.498000000079628
91.9659999999567,93.1521999996221,185.0918999998612,30.545900000106485
93.89409999994314,93.22810000003301,186.13450000020748,30.364000000190572
93.32199999971635,93.08640000017476,186.2370999997438,30.643399999917165
93.40429999974731,93.44949999967866,188.26910000007047,30.32660000008036
95.04849999984799,92.4881999999343,203.0442000000221,30.514000000039232
94.59310000011101,92.37929999972039,193.65279999965423,31.22540000003937
94.6089000003667,93.08959999998478,196.72179999997752,31.095599999844126
95.15719999990324,93.3073000001059,195.3771999997116,30.44099999988248
94.43939999982831,92.9562999999689,196.93290000031993,30.569699999887234
92.81729999975141,93.53549999968891,194.72730000006777,30.6972999997015
93.09630000007019,93.82749999986117,192.99899999987247,31.023300000015297
94.92650000038338,94.08209999992323,201.79030000008424,31.476199999815435
95.73199999977078,92.97860000015135,193.88489999982994,30.665100000078382
92.21089999982723,93.17310000005818,193.89130000035948,30.121600000256876
93.8200999999026,92.54640000017389,191.73570000020845,30.456100000264996
92.58399999998801,91.75120000008974,185.68660000028103,30.583499999920605
92.68630000042322,93.30649999992602,188.47890000006373,31.533600000329898
93.08869999995295,92.57400000024063,192.76369999988674,30.526600000030157
96.9810999999936,93.02569999999832,191.71219999998357,30.546399999821006
93.2996000001367,92.67570000019987,191.729099999975,30.67940000028102
92.85300000010466,93.76659999998083,198.075499999959,30.466299999716284
93.66270000009536,93.95519999998214,197.70280000011553,30.379499999980908
93.5762999997678,92.94729999965057,186.00820000028762,30.361399999947025
95.03780000022743,93.58629999996992,184.95819999998275,31.32770000001983
93.32129999984318,93.00990000019738,185.04480000001422,30.577699999867036
94.76279999989856,93.41000000040367,188.36989999999787,30.58790000022782
94.91699999989578,92.66840000009324,185.78239999988,32.03540000004068
95.56609999981447,93.78349999997226,187.23310000041238,30.594899999869085
95.58890000016618,93.10729999970135,183.28459999975166,31.128899999657733
95.21649999987858,92.74450000020806,186.10749999970722,30.45849999989514
93.34420000004684,92.70669999978054,184.85210000017105,30.546999999842228
93.3655999997427,94.63069999992513,185.64139999989493,31.59700000014709
92.49769999996715,93.49340000017037,186.45180000021355,30.578999999761436
93.2674999999108,93.67239999983212,183.8041000000885,30.424300000049698
93.27930000017659,92.90490000012142,185.57789999977103,30.467900000076042
92.84669999988182,93.30550000004223,185.74519999992845,30.54019999990487
93.76549999979034,92.66650000017762,185.01289999994697,30.492599999888625
93.21970000019064,93.4306999997716,186.57249999978376,31.062000000019907
93.38230000003023,93.21680000039123,185.96490000027188,31.340800000180025
93.8920000003236,92.13619999991352,187.1603999998115,30.63979999978983
93.23790000007648,93.14229999972667,186.22309999955178,30.811599999651662
94.39500000007683,93.0329999996502,186.0433000001649,30.423400000017864
95.46520000003511,93.45750000011321,187.29010000015478,30.770099999699596
97.42069999992964,92.22880000015721,189.66860000000452,31.92959999978484
98.08449999991353,92.36349999991944,184.24469999990833,30.593700000281387
99.80550000000221,92.82450000000608,185.37590000005366,30.44389999968189
97.08899999986897,92.07199999991644,184.33300000015151,29.947200000151497
95.53319999986343,93.39460000001054,186.15120000004026,30.222799999592098
97.45109999994384,93.10329999971145,186.20710000004692,30.190999999831547
99.94199999982811,93.30399999998917,184.2396000001827,30.700899999828835
95.32409999974334,94.22390000008818,186.09190000006492,30.610599999818078
98.24200000002747,94.73669999988488,187.56400000029316,30.825000000277214
96.5278999997281,95.76819999983854,187.7506999999241,30.62899999986257
97.1932000002198,94.63420000020051,185.58170000005703,30.514399999901798
97.73439999980837,92.29419999974198,186.1426999998912,30.643699999927776
100.06999999995969,92.75750000006155,184.53760000011243,31.27630000017234
97.20470000002024,94.93380000003526,186.48679999978413,30.321100000037404
93.85890000021391,93.5301000004074,185.25599999975384,30.334200000197598
99.21669999994265,92.34550000019226,187.39789999972345,30.3990999996131
99.01339999987613,92.11389999973107,187.84199999981865,30.648000000383036
97.66880000006495,93.10610000011366,186.44320000021253,31.306599999879836
98.92199999967488,92.22499999987122,184.63470000006055,31.778200000189827
94.61349999992308,92.33180000001084,184.89169999975275,30.69950000008248
92.79430000015054,92.4724999999853,184.79130000014266,30.57760000001508
93.23630000017147,92.71820000003572,186.53079999967304,30.584799999815004
96.18000000000393,93.0223999998816,185.92109999963213,30.41799999982686
93.98319999991145,94.49049999966519,185.9982000000855,30.57489999991958
95.98260000029768,94.1834000000199,187.4537000003329,31.69430000025386
100.00590000026932,94.32229999993069,185.8615999999529,30.809400000180176
93.86499999982334,93.27239999993253,187.15960000008636,30.973700000231474
93.43970000008994,92.51949999998033,186.43939999992654,31.737799999973504
93.74560000014753,94.56689999979062,185.71020000035787,31.57499999997526
93.4890000003179,93.78680000008899,185.01940000032846,33.109699999840814
94.52099999998609,92.46179999991,187.77579999959926,32.231599999704486
92.43250000008629,93.31639999982144,187.22200000001976,31.160499999714375
94.23849999984668,94.60020000005898,187.7222999996775,35.02130000015313
94.62110000004031,92.56749999985914,187.60930000007647,39.15899999992689
92.9588000003605,93.64670000013575,187.15689999999086,39.07570000001215
94.39079999992828,92.48489999981757,187.12540000024092,37.38179999982094
93.15809999998237,92.16850000029808,189.50190000032308,32.25650000013047
94.294600000012,93.40879999990648,186.49009999990085,32.65049999981784
93.34339999986696,95.91060000002471,186.76119999963703,31.385900000259426
94.69080000008034,92.96790000007604,186.66720000010173,31.597300000157702
92.28540000003704,92.55220000022746,187.82510000028196,30.589700000291487
92.10829999983616,93.23919999997088,186.67880000020887,30.76409999994212
92.58589999990363,93.23549999999159,184.67379999992772,31.5442000000985
93.80209999972067,93.66670000008526,187.59289999979956,31.757400000060443
92.14219999967099,93.85380000003352,186.2599000000955,30.731399999694986
93.26959999998508,92.51549999999042,185.47910000006596,30.913799999780167
93.76500000007582,94.20010000030743,189.30589999990843,31.53569999994943
94.33409999974174,93.80270000019664,196.88540000015564,31.00270000004457
95.90590000016164,106.15790000019842,198.01030000007813,31.24980000029609
93.8733000002685,97.99249999969106,194.8541000001569,31.390299999657145
93.48260000024311,96.87410000015007,194.13880000001882,32.73730000000796
92.80340000032083,96.67020000006232,195.60699999965436,31.09119999999166
92.70919999971738,98.9676999997755,190.5743000002076,30.42109999978493
93.09440000015456,96.85450000006313,196.50940000019546,31.91190000006827
94.86550000019633,101.29330000017944,192.40880000006655,31.13789999997607
92.77179999980945,95.45230000003357,189.76619999966715,30.898399999841786
92.5136000000748,97.20100000004095,190.94600000016726,32.74249999958556
92.94100000033723,96.42540000004374,185.38919999991776,31.59830000004149
93.89690000034534,94.54989999994723,187.03149999964808,31.29480000006879
94.41060000017387,93.28680000044187,184.68189999975948,31.02840000019569
94.19210000032763,97.13929999998072,185.4833000002145,30.586999999741238
93.61030000036408,94.28320000006352,185.0506000000678,30.628600000000006
92.60710000035033,97.65329999981986,186.04370000002746,31.68050000022049
92.81629999986762,95.44610000011744,184.71709999994346,31.697599999915838
92.93949999982942,99.3610999998964,185.24380000008023,30.894500000158587
97.14800000028845,97.78890000006868,184.4703000001573,30.185900000105903
94.54410000034841,97.5020000000768,183.01060000021607,30.12899999976071
95.0249999996231,93.25970000008965,183.91569999994317,30.196900000191818
93.24939999987691,94.44750000011481,187.51449999990655,30.551999999715918
94.6656000000985,92.94520000003104,186.0396000001856,30.8524000001853
93.82460000006176,92.98820000003616,186.16470000006302,30.0081999998838
94.23340000012104,93.72510000002876,189.51530000003913,29.601799999909417
93.4068000001389,96.27180000006774,187.3540999999932,29.797599999710656
92.8460999998606,100.58410000010554,187.15659999998024,31.085499999790045
93.88450000005832,100.19499999998516,184.76879999980156,31.09919999997146
93.6016999999083,98.3872000001611,184.96950000007928,32.89630000017496
93.0596000002879,94.06630000012228,184.60920000006809,31.68699999969249
94.39290000000256,92.08179999995991,185.1195999997799,31.437199999800214
94.93040000006658,92.131899999913,184.73569999969186,30.9042000003501
93.05320000021311,97.2791999997753,184.94790000022476,30.444900000020425
94.20939999972688,98.18119999999908,185.1041999998415,30.9066999998322
92.92850000019826,97.9418000001715,184.71609999960492,31.72199999971781
93.83260000004157,100.02720000011323,183.4356999997908,30.372300000180985
93.39749999980995,92.50870000005307,184.75339999986318,29.867100000046776
93.86450000010882,92.94240000008358,186.7431000000579,29.901100000188308
92.57410000009259,93.07369999987714,182.9048999998122,30.062100000122882
93.78880000031131,92.52599999990707,184.24010000035196,30.120500000066386
93.87389999983498,93.31810000003316,186.48279999979422,32.041599999956816
93.16379999972924,92.41500000007363,185.958699999901,31.144200000198907
95.42029999965962,92.58290000025227,187.11380000013378,29.845000000022992
93.58430000020235,92.12679999973261,185.79899999986083,30.37610000001223
95.98350000032951,92.77030000021114,185.21899999996094,29.9128000001474
92.83980000009251,92.30780000007144,185.43599999975413,29.902499999934662
94.84089999978096,93.60400000014124,184.0661999999611,29.883500000323693
93.42319999996107,93.17539999983637,185.16540000018722,30.90429999974731
93.13639999982115,93.5114000003523,186.56400000008944,30.606400000124268
95.17460000006395,94.08819999998741,185.8841999996912,30.07979999983945
95.55200000022523,91.9992999997703,184.55859999994573,30.129000000215456
93.1351999997787,93.04460000021209,186.14460000026156,29.938099999981205
93.80939999982729,93.25519999993048,186.25890000021172,29.96419999999489
93.13699999984237,93.33479999986594,187.74600000006103,29.884600000059436
94.14310000011028,92.6659000001564,185.40919999986727,29.762699999992037
94.31630000017321,92.7350000001752,184.41819999998188,29.928500000096392
93.91090000008262,92.31099999988146,185.39590000000317,30.65649999962261
93.70519999993121,92.76520000003075,186.62169999970502,30.49109999983557
95.14919999992344,92.90839999994205,184.21279999984108,32.76950000008583
94.56750000026659,92.4340999999913,185.1763999998184,30.193900000085705
95.13960000003863,93.27389999998559,185.33919999981663,30.494699999962904
94.02129999989484,92.27449999980308,184.98360000012326,30.579199999920093
93.0754999999408,94.04110000014043,186.92190000001574,30.13360000022658
93.52309999985664,92.47340000001714,187.67969999998968,30.594899999869085
93.8188000000082,93.23619999986477,185.51279999974213,32.09310000011101
97.77679999979227,93.70930000022781,185.01759999981005,31.69720000005327
94.07670000018697,92.11409999988973,184.27879999990182,31.225300000187417
93.57799999997951,92.72850000024846,185.93280000004597,30.54950000023382
93.44210000017483,95.29240000028949,184.65889999970386,30.27890000021216
93.8415000000532,93.32249999988562,188.55299999995623,30.41880000000674
93.92849999994723,93.1375999998636,185.43210000007093,30.312399999729678
94.00499999992462,93.52030000036393,183.4777999997641,30.305000000225846
93.89089999967837,92.47070000037638,183.8649000001169,30.35600000021077
93.10340000001815,92.81819999978325,186.22289999984787,30.889900000147463
93.92849999994723,92.83469999991212,184.21639999996842,30.703299999913725
93.31369999972594,93.60609999976077,184.06370000002426,30.75250000028973
94.54959999993662,92.4854999998388,183.06729999994786,31.320900000082474
94.70639999972263,92.77209999982006,185.58649999977206,31.571200000144017
95.24689999989278,92.21839999963777,185.30879999980243,30.821999999716354
93.49490000022342,92.33519999997952,183.73289999999542,30.72169999995822
94.13949999998295,92.75350000007165,184.92970000033893,31.106700000236742
93.89450000026045,93.26150000015332,184.729999999945,31.085600000096747
93.9781000001858,93.05940000012924,184.82010000025184,30.752399999983027
95.07319999966057,92.5969999998415,184.95080000002417,31.024899999920308
93.56280000019979,92.16859999969529,184.83629999991535,31.71939999992901
94.65610000006563,94.20019999970464,185.62430000019958,31.565499999942404
94.44170000006125,92.48380000008183,185.65480000006573,31.13050000001749
93.46839999989243,93.73569999979736,183.83250000033513,30.968200000188517
94.48770000017248,92.03530000013416,185.4127999999946,30.841199999940727
94.60549999994328,94.09599999980856,186.19730000000345,30.615000000125292
93.51360000027853,93.69180000021515,184.5234000002165,30.917200000203593
94.34120000014445,92.80500000022585,183.92649999987043,30.84739999985686
96.05239999973492,93.15199999991819,183.45709999994142,30.751100000088627
94.22809999978199,91.78949999977704,183.89979999983552,30.786999999691034
93.81290000010267,92.99509999982547,183.81360000012137,31.057899999723304
94.5385999998507,92.9363000000194,184.9128000003475,30.90859999974782
94.29420000014943,93.32390000008672,185.574699999961,34.587899999678484
94.55729999990581,94.05359999982466,184.71199999976307,34.49460000001636
93.18219999977373,92.55579999990005,183.68629999986297,31.44930000007662
93.49070000007487,92.43590000005497,185.7030000001032,30.93479999961346
93.00230000008014,92.49249999993481,185.90160000030664,31.029299999772775
93.74919999982012,92.79240000023492,183.78630000006524,31.441600000107428
93.56950000028519,92.89609999996173,184.83169999990423,30.873700000029203
94.78579999995418,94.64370000023337,185.37329999981011,31.499100000019098
93.97930000022825,93.16160000025775,183.52880000020377,31.144700000368175
94.36569999979838,94.108000000233,185.49990000019534,30.76820000023872
93.5311999996884,93.13479999991614,184.2279000002236,30.97139999999854
94.71410000014657,94.02989999989586,183.7362999999641,31.782200000179728
93.76249999968422,92.76629999976649,184.21219999981986,32.385099999828526
94.66079999992871,91.9779999999264,184.16160000015225,31.53580000025613
92.83089999962613,92.14400000018941,183.60470000015994,30.421800000112853
94.51350000017555,92.24249999988388,183.64669999982652,31.04170000005979
94.29940000018178,93.30829999998969,185.27149999999892,31.226499999775115
93.81970000004003,93.87749999996231,187.22580000030575,30.177200000252924
93.68590000030963,93.05710000035106,187.2971000002508,30.801200000041717
94.06110000008994,92.714899999919,186.4130999997542,33.078800000112096
94.1448999997192,92.43849999984377,188.2253000003402,31.919900000048074
93.94709999969564,92.01720000010027,187.2352000000319,30.15159999995376
94.41830000014306,93.15349999997125,186.4189000002625,30.109799999991083
93.54040000016539,92.75799999977608,184.68149999989691,30.3487999999561
94.09670000013648,92.65310000000682,185.12439999994967,31.125299999985145
93.40750000001208,93.93279999994775,186.5867999999864,30.196799999885116
93.08319999991,91.62139999989449,184.9541000001409,30.881499999850348
92.7732999998625,92.82919999986916,186.2514000004012,30.072500000187574
93.29170000000886,92.97349999997095,187.0358999999553,30.697700000018813
94.31100000028891,92.58320000026288,185.7955000000402,30.972200000178418
94.45959999993647,94.4550000003801,185.86150000010093,30.277599999863014
93.24539999988701,93.58700000029785,185.3461000000607,30.26019999970231
93.20049999996627,92.96629999971628,185.65590000025622,30.5687999998554
96.0018000000673,92.89350000017293,186.8086000004041,30.215400000088266
93.49840000004406,93.43500000022686,184.70019999995202,30.214999999770953
93.64490000007208,93.205399999988,184.70790000037596,30.791300000146293
93.10219999997571,92.82799999982672,184.3242999998438,31.48449999980585
93.21719999979905,92.20540000023902,185.3201999997509,31.147099999998318
94.8699000000488,94.04559999984485,191.3595000000896,31.366500000331143
93.9104999997653,93.52370000033261,185.59640000012223,31.732300000385294
93.4159999997064,92.95049999991534,186.18759999981194,33.55939999983093
93.07360000002518,92.81749999991007,188.4471999997004,33.67020000041521
93.45650000022943,92.80199999966499,188.4274999997615,33.00450000006094
93.18349999966813,93.64329999971233,187.81230000013238,32.023600000229635
93.67799999972704,92.25619999961054,188.03909999996904,31.539000000066153
93.53959999998551,92.83570000025065,188.84099999968385,32.207300000209216
94.88270000019838,92.51970000013898,190.6728000003568,33.696299999974144
93.08710000004794,96.46810000003825,188.5247000000163,34.400300000015704
93.85019999990618,93.12159999990399,186.26629999971556,32.12290000010398
96.18359999967652,92.3225999999886,184.85409999993863,31.23460000006162
93.03670000008424,93.9368000003924,184.26339999996344,32.9197999999451
94.40689999973984,92.59759999986272,185.5759999998554,34.392700000353216
93.69310000010955,92.85230000023148,184.0569000000869,32.598000000234606
93.14519999998083,93.00100000018574,186.6349000001719,33.06590000011056
94.65730000010808,92.4222000003283,184.8691999998664,33.98880000031568
93.26550000014322,91.999400000077,186.60080000017842,33.33870000005845
94.03229999998075,95.9498999995958,185.46079999987342,33.88279999990118
94.45840000034877,94.12859999974899,184.09500000007029,32.726399999774
93.55430000005072,93.86999999969703,185.16580000004979,32.664000000295346
94.0722000000278,92.77569999994739,185.75060000011945,33.77820000014253
94.35940000003029,95.57850000010149,187.0813000000453,31.881999999768595
94.80540000004112,93.8997000002928,188.04510000018126,31.696499999725347
93.28379999988101,93.01879999975426,187.2838999997839,32.25120000024617
95.5999999996493,95.7312999998976,185.26079999992362,32.693599999674916
93.76479999991716,95.56720000000496,192.24940000003699,33.92459999986386
93.77530000028855,92.91099999973085,185.93669999972917,32.152599999790255
93.46300000015617,92.84990000014659,186.8293000002268,31.9286000003558
93.90080000002854,94.11529999988488,186.7059999999583,35.351100000298175
93.47999999999956,93.3313000000453,189.24839999999676,32.811300000048504
93.98860000010245,94.31850000009945,186.52160000010554,30.89189999991504
94.52479999981733,94.95569999990039,184.41820000043663,32.288400000197726
93.38609999986147,95.38930000007895,184.26869999984774,32.55630000012388
93.28610000011395,92.31120000004012,185.5479999999261,32.917100000304345
94.60629999966841,92.5585999998475,185.01040000001012,31.1162000002696
94.12020000036136,92.3413000000437,185.1809999998295,31.522400000085327
93.49859999974797,95.54589999970631,186.0876000000644,33.12469999991663
94.28429999979926,96.14929999997912,186.79060000022218,32.122399999934714
92.86659999997937,99.4660000001204,185.47560000024532,32.40039999991495
93.42839999999342,93.96770000012111,186.94540000024062,32.49520000008488
92.78360000007524,94.884600000114,186.614699999609,32.83610000016779
92.75130000014542,99.30619999977353,184.97740000020713,33.5706000000755
94.13129999984449,110.70509999990463,186.44659999972646,31.476799999836658
93.68189999986498,93.81800000028306,187.5224000000344,32.51520000003438
93.0358000000524,93.26569999984713,184.51640000012048,33.323899999686546
92.71779999971841,97.49580000016067,186.48149999989982,31.72340000037366
93.9384000002974,98.83749999971769,186.14639999987048,32.04670000013721
93.63630000007106,94.45499999992535,185.65399999988585,32.572000000072876
94.45439999990413,98.920100000214,186.82399999988775,32.69619999991846
93.45160000020769,99.11009999996168,185.56660000012926,32.54449999985809
93.33190000006653,98.51849999995466,185.66820000023654,32.03480000001946
94.9310000000878,96.21710000010353,183.00950000002558,32.185800000206655
93.44929999997476,97.64200000017809,183.42170000005353,31.281200000194076
93.67269999984273,93.97600000011153,184.88060000026962,30.921099999886792
93.56609999986176,102.0965000002434,188.44010000020717,31.978399999843532
93.17319999991014,101.40060000003359,189.06220000008034,34.758700000111276
93.20840000009412,96.68919999967329,186.46990000024743,34.273100000064005
94.78579999995418,96.87940000003437,183.15480000001116,33.73439999995753
94.8366000002352,99.86789999993562,186.69009999985064,32.07639999982348
95.11069999962274,95.07550000034826,184.44569999974192,31.41060000007201
93.15309999965393,92.51850000009654,186.95460000026287,30.8285999999498
94.59710000010091,93.60650000007809,183.12470000000758,30.870600000071136
94.15489999992133,93.74630000002071,183.28669999982594,30.994600000212813
94.53410000014628,93.7117000003127,185.93289999989793,32.84690000009505
93.54570000004969,94.56129999989571,183.19930000006934,33.21349999987433
93.82370000002993,92.65169999980571,183.556999999837,32.751700000062556
95.3005999999732,93.2781999999861,189.59819999963656,33.257099999900674
93.17439999995258,92.59179999980915,183.52860000004512,32.10459999991144
94.18929999992542,92.28550000034375,186.48040000016408,31.730400000014924
95.39270000004763,93.1374999995569,184.5194000002266,32.37300000000687
93.03789999967194,94.5864000000256,185.51069999966785,31.81700000004639
92.72899999996298,99.79659999999058,185.73950000018158,31.900700000278448
93.46860000005108,97.36689999999726,186.28439999974944,32.06469999986439
92.93289999959597,98.82920000018203,184.8814999998467,31.640800000332092
93.23019999965254,97.89169999976366,186.1272999999528,32.61549999979252
93.50790000007692,97.19870000026276,185.24400000023888,33.733700000084355
93.76960000008694,97.5906999997278,186.05780000007144,32.543900000291615
92.84829999978683,95.5989000003683,186.92030000011073,32.48429999985092
93.42019999985496,99.76850000020931,183.87989999973797,32.688900000266585
94.3397000000914,97.96240000014222,184.33170000025711,31.959200000073906
94.50429999969856,97.11580000021058,184.3815000001996,31.370300000162388
93.07179999996151,94.46759999991627,186.68639999987136,31.904599999961647
92.57650000017748,97.20800000013696,184.56590000005235,31.93569999984902
93.67419999989579,95.93559999984791,189.52720000015688,30.954300000303192
94.1544000002068,93.87399999968693,182.56869999959235,32.14369999977862
93.21529999988343,94.1170000000966,185.67380000013145,32.458000000133325
93.56260000004113,96.07510000023467,185.13119999988703,30.639699999937875
94.42750000016531,97.69369999958144,185.41619999996328,30.9172999996008
93.17300000020623,100.93779999988328,182.81310000020312,31.34589999990567
93.6388000000079,99.75309999981619,183.34970000023532,32.076299999971525
96.31649999982983,97.70400000024893,183.5495999998784,30.496999999741092
93.69400000014139,98.92820000004576,184.66739999985293,30.210599999918486
97.37040000027264,101.09910000028322,187.2056000001976,30.602400000134367
94.58679999988817,100.31989999970392,184.2540999996345,30.960699999923236
96.26219999972818,99.7468000000481,183.74870000025112,32.71150000000489
95.95390000004045,94.96829999989131,184.86720000009882,32.507800000075804
95.02029999976003,94.85429999995176,186.72550000019328,31.611400000201684
96.50599999986298,93.2343999998011,184.0541999999914,33.59850000015285
96.36679999994158,93.6133999998674,183.83829999993395,33.60849999990023
92.53290000015113,92.69799999992756,185.05119999963426,35.56060000028083
93.40040000006411,92.16719999994893,187.84779999987222,33.28959999998915
99.00669999979073,92.68739999970421,192.30100000004313,31.264199999895936
98.13819999999396,92.92659999982789,190.6902999999147,31.267900000329973
95.78199999987191,92.45699999974022,195.92809999994643,31.036200000016834
96.89049999997223,92.43289999994886,195.57060000033744,31.521800000064104
94.50969999988956,94.96919999992315,191.16880000001402,32.48970000004192
92.75780000007217,94.32829999968817,198.71299999977055,31.49699999994482
92.42349999976796,92.90480000026946,199.51309999987643,30.809599999884085
95.11469999961264,92.73540000003777,193.5683000001518,31.32839999989301
98.5225000003993,92.39879999995537,191.86509999963164,31.66910000027201
95.34750000011627,93.58539999993809,195.47110000030443,31.289300000025833
94.03629999997065,92.72449999980381,189.51149999975314,30.872100000124192
92.6273999998557,92.49070000032589,187.1142999998483,31.201899999814486
92.36539999983506,92.9654000001392,190.75399999974252,31.135700000049837
92.44710000029954,94.01350000007369,193.3793000002879,30.829999999696156
92.54650000002584,92.86320000001069,195.0462999998308,31.051100000240694
95.67800000013449,93.15669999978127,203.59000000007654,30.98290000025372
93.52820000003703,92.90769999961412,192.38229999973555,32.255999999961205
95.1242999999522,95.90539999999237,188.55829999984053,30.55660000018179
95.36509999998088,95.02380000003541,184.4532000000072,30.47920000017257
94.57220000012967,92.53649999982372,183.36249999993015,31.606200000169338
94.26080000002912,93.7844000000041,185.70229999977528,31.411000000389322
95.34619999976712,92.73710000024948,185.93620000001465,31.19040000001405
92.63899999996283,93.13149999979942,186.68509999997696,29.9566000003324
92.36689999988812,93.33630000037374,186.13660000028176,30.863699999827077
93.79219999982524,93.09080000002723,183.7452999998277,30.08429999999862
92.956100000265,94.72319999986212,182.6664999998684,30.400699999972858
93.06830000014088,93.48390000013751,186.1125999998876,30.44999999974607
93.03990000034901,92.7679999999782,184.1655999996874,30.959400000028836
93.98639999972147,94.30730000030962,185.0524999999834,31.487299999753304
92.92759999971167,94.90480000022217,186.14279999974315,31.70959999988554
92.84789999992427,93.82749999986117,183.4270999997898,30.674900000121852
94.06890000036583,92.52150000020265,186.5125999997872,31.3360999998622
92.48899999965943,93.14880000010817,185.0894999997763,31.44060000022364
93.4228000000985,94.95549999974173,188.26410000019678,31.58770000027289
93.26310000005833,92.83869999990202,186.3883999999416,32.40009999990434
93.43560000024809,92.46490000032281,184.56430000014734,31.757400000060443
93.49939999992785,93.4794999998303,183.3664000000681,30.889599999682105
93.96749999996246,93.10800000002928,183.5611000001336,30.21340000032069
93.55289999984961,94.88329999976486,186.29330000021582,31.059999999797583
93.3828999995967,94.3635999997241,184.5502999999553,31.13949999988108
93.31030000021201,94.85299999960262,183.75160000005053,30.42249999998603
93.10790000017732,92.83529999993334,184.9753999999848,31.02069999977175
92.57079999997586,92.60500000027605,182.80589999994845,30.27890000021216
92.68659999997908,92.37200000006851,185.12719999989713,29.86880000025849
92.64450000000579,92.55020000000513,188.02929999992557,30.75650000027963
93.7447000001157,92.73160000020653,183.57930000001943,30.4839999998876
93.33480000032068,92.85259999978734,183.64310000015394,30.617899999924703
93.44280000004801,93.8611999999921,185.31149999989793,30.758699999751116
92.99280000004728,93.70310000031168,184.5843999999488,30.49090000013166
93.61440000020593,93.32790000007662,185.54180000000997,30.451300000095216
93.86059999997087,93.20500000012544,185.81270000004224,30.545300000085263
93.0567999998857,94.01160000015807,184.9796999999853,34.45140000030733
94.35020000000804,93.14210000002277,186.42849999969258,32.85580000010668
93.17839999994249,92.80599999965489,187.77129999989484,31.96650000018053
93.82770000001983,92.83860000005006,184.5592999998189,30.941799999709474
93.10469999991255,93.66700000009587,187.24180000026536,32.25010000005568
94.21389999988605,92.75739999975485,184.16209999986677,31.389499999932013
93.353599999773,94.08589999975447,185.57519999967553,31.27360000007684
94.31229999972857,94.54340000002048,184.08670000007987,31.351900000117894
93.83720000005269,93.3113000000958,184.8243000004004,32.34149999980218
93.31889999975829,94.66380000003483,184.54339999971126,30.792399999882036
92.96700000004421,94.9971000000005,183.73990000009144,32.653400000072
93.79630000012185,94.22229999972842,184.6005000002151,32.74909999981901
93.38890000026367,93.78330000026835,183.43760000016118,32.58640000012747
94.42470000021785,93.75009999985195,184.13109999983135,31.958799999756593
94.08729999995558,93.43279999984588,185.81529999983104,31.855600000199047
93.99860000030458,92.58569999974497,186.00030000015977,32.13800000003175
93.89059999966776,92.70040000001245,185.8103999998093,32.981500000005326
94.12180000026638,94.24359999957233,184.55970000013622,31.34280000040235
94.68729999980496,93.82439999990311,186.94959999993443,33.119300000180374
94.27259999984017,92.6078000002235,185.2456000001439,31.812100000024657
93.61810000018522,93.75030000001061,185.56450000005498,30.81560000009631
93.75300000010611,93.28539999978602,186.97720000000118,32.686999999896216
93.88110000008965,93.67410000004384,184.1844000000492,31.811199999992823
94.38860000000204,92.98859999989872,187.24380000003293,31.45089999998163
93.8611999999921,93.50459999996019,185.18829999993613,30.724799999916286
94.95239999978367,97.49069999998028,184.8399000000427,32.16100000008737
93.4650999997757,94.24699999999575,186.95660000003045,30.96060000007128
94.36600000026374,93.21499999987282,184.68849999999293,30.478199999834032
94.9201999997058,93.35559999999532,185.71269999983997,30.938899999910063
92.83460000006016,95.57710000035513,185.7881000000816,31.124999999974534
94.56159999990632,92.89949999993041,184.3018999998094,32.49049999976705
94.55960000013874,93.37690000029397,187.108999999964,31.864000000041415
93.39039999986198,92.87889999995969,186.24929999987216,32.176499999877706
93.78930000002583,93.50829999993948,184.11999999989348,30.31650000002628
94.28700000034951,92.53480000006675,192.8367000000435,35.495800000262534
94.29709999994884,93.61799999987852,200.53450000023076,33.00349999972241
94.50119999974049,92.77539999993678,194.87180000032822,30.993500000022323
93.51359999982378,93.73460000006162,196.07390000010128,34.92649999998321
92.80310000031022,93.10619999996561,190.1332000002185,31.617000000096596
93.7338999997337,93.95959999983461,192.9669000001013,30.462400000033085
93.37589999995544,93.21660000023257,196.94239999989804,31.760599999870465
93.20380000008299,93.32880000010846,196.502799999962,31.02420000004713
93.56479999996736,93.53599999985818,196.87410000005912,32.14660000003278
94.08600000006118,93.68270000004486,201.43450000023222,33.68640000007872
94.59460000016406,92.86619999966206,197.74789999974018,31.73960000003717
94.12599999996019,93.1178999999247,189.27370000028532,31.0405999998693
94.8697999997421,93.07170000010956,195.44029999997292,31.501699999807897
93.31950000023426,92.83629999981713,191.63320000006934,31.651499999952648
93.79089999993084,94.40509999967617,190.27679999999236,31.599199999618577
93.68989999984478,94.33069999977306,193.5143999999127,32.91659999968033
93.33960000003572,94.37189999971451,197.6873999997224,30.516300000272167
93.62659999987955,96.45549999959258,194.44010000006529,31.08669999983249
94.58720000020548,94.30190000011862,198.3887000001232,30.985700000201177
94.10580000030677,96.07150000010733,194.9337999999443,31.04250000023967
92.93819999993502,95.16209999992498,205.89840000002368,35.983499999929336
93.47139999999854,94.50139999989915,190.18610000011904,31.210900000132824
94.02970000019195,94.33660000013333,202.49349999994593,31.89380000003439
93.22180000026492,93.30520000003162,195.31600000027538,30.476700000235724
93.75339999996868,93.48720000025423,192.54299999965951,30.194999999821448
93.78420000030019,92.72370000007868,193.16969999999856,32.64720000015586
93.22569999994812,92.12620000016614,193.05780000013328,32.57869999970353
93.64490000007208,93.93580000005386,196.93359999973836,31.66380000038771
93.76359999987471,92.69099999983155,190.02239999963422,31.47450000005847
93.96040000001449,92.98890000036408,195.24200000023484,31.21259999988979
92.75789999992412,93.09359999997469,189.77229999973133,30.50699999994322
94.0691999999217,93.65530000013678,194.4057000000612,31.622999999854073
92.73309999980484,92.11929999992208,193.99220000013884,31.257199999799923
94.18669999968188,93.16880000005767,183.69469999970534,30.71140000020023
93.82619999996678,92.6988999999594,190.4037999997854,30.681900000217865
94.9625999996897,92.97209999976985,194.9257999999645,31.180599999970582
94.06799999987925,92.8235000001223,191.43139999960113,31.539600000087376
93.96460000016305,92.8343999999015,200.96399999965797,36.66479999992589
93.50380000023506,93.62710000004881,195.07240000029924,30.990400000064255
92.99280000004728,93.09540000003835,193.99569999995947,30.806400000074063
93.79379999973025,94.27270000014687,183.4259999995993,31.146499999977095
96.72769999997399,92.69300000005387,186.26620000031835,30.919599999833736
94.4574999998622,94.19590000015887,185.38420000004407,30.192499999884603
93.56729999990421,92.96110000013869,185.62540000039007,30.960500000219326
93.66719999979978,92.51869999980045,186.86490000027334,30.822100000023056
93.65269999989323,92.71829999988768,186.42210000007253,30.97989999969286
94.79300000020885,93.09499999972104,185.1314000000457,30.76149999969857
94.57620000011957,92.39129999969009,187.04200000001947,30.449400000179594
92.59049999991475,93.19169999980659,186.5191000001687,34.911100000044826
93.49190000011731,93.35239999973055,184.9926999998388,30.910799999674055
94.35269999994489,92.15730000005351,184.55479999965974,30.793300000368617
92.973400000119,93.88010000020586,184.2367999997805,30.404600000110804
94.21519999978045,94.16970000029323,187.34029999995983,31.99529999983497
94.09830000004149,92.32619999966118,185.21910000026764,31.52189999991606
93.47209999987172,92.18620000001465,183.94089999992502,36.92850000015824
93.2585000000472,92.31329999965965,187.48880000021018,30.78819999973348
94.14810000043872,92.1595999998317,186.04469999991124,30.706399999871792
93.9104999997653,92.73880000000645,184.6259000003556,30.61999999999898
93.07179999996151,92.23629999996774,184.89529999988008,31.0724000000846
93.95570000015141,92.9126000000906,185.14630000026955,30.94599999985803
93.59730000005584,93.00750000011249,184.87640000012107,31.073200000264478
94.81069999992542,93.67280000014944,184.69370000002527,30.325400000037916
93.00700000039797,94.62249999978667,184.0954999997848,30.92030000016166
92.79879999985496,94.56309999995938,186.32499999966967,30.6908000002295
94.0322000001288,92.3083000002407,183.61469999990732,30.73290000020279
93.83860000025379,92.20720000030269,184.12680000028558,30.8127000002969
94.15870000020732,92.53650000027847,185.75460000010935,30.694000000039523
94.28139999999985,92.22039999986009,184.37820000008287,30.500500000016473
93.53809999993246,92.67330000011498,182.79519999987315,31.736800000089715
93.50339999991775,92.5811000001886,186.72109999988606,30.770399999710207
93.43100000023696,91.88110000013694,185.7731000000058,31.790800000180752
93.82109999978638,93.861399999696,185.23989999994228,36.0635000001821
93.20930000012595,92.90520000013203,186.13849999974263,30.690499999764143
93.38580000030561,94.68839999999545,184.58970000028785,30.713700000433164
95.63489999982266,95.35529999993742,184.66850000004342,30.58149999969828
93.34820000003674,92.54220000002533,185.0347999998121,30.72489999976824
94.52550000014526,92.92649999997593,186.05359999992288,31.098499999643536
92.91040000016437,93.84300000010626,186.6399000000456,31.424499999957334
92.89279999984501,92.80500000022585,185.46890000015992,30.883500000072672
94.77279999964594,92.0499000003474,184.15960000038467,30.729300000075455
92.68040000006295,92.83940000022994,185.33160000015414,34.901300000001356
92.78070000027583,92.80790000002526,183.4936000000198,30.7463999997708
92.90029999965554,93.02749999960724,184.21239999997852,31.225300000187417
92.81800000007934,92.79880000030971,183.61900000036258,30.498900000111462
95.54750000006607,92.46880000000601,183.05579999969268,31.109600000036153
93.71420000024955,92.78620000031879,183.12179999975342,30.683399999816174
93.12980000004245,92.53840000019409,183.78560000019206,31.851799999913055
93.29979999984062,92.24279999989449,185.86610000011206,31.675800000357413
93.71240000018588,92.70109999988563,183.9124000002812,36.03509999993548
92.59320000001026,93.02500000012515,185.03499999997075,30.645199999980832
92.94619999991482,93.28730000015639,183.2740000004378,30.454000000190717
94.11320000026535,92.5041999998939,183.99490000001606,30.732700000044133
92.46000000030108,93.89809999993304,184.29890000015803,31.276100000013685
93.50119999999151,93.47530000013649,187.57309999955396,30.699099999765167
95.70389999998952,92.84560000014608,184.2320999999174,30.677299999751995
92.65700000014476,92.6752000000306,183.20790000007037,30.737699999917822
93.7474000002112,92.76339999996708,185.6886000000486,35.40450000036799
92.92490000007092,92.62649999982386,183.899300000121,30.488700000205426
93.4714999998505,93.13070000007428,185.19080000032773,30.738899999960267
92.34449999985372,92.72030000011,186.4781000003859,31.110500000067987
93.09810000013385,92.02820000018619,183.88800000002448,30.83169999990787
93.4624999999869,93.12320000026375,185.70359999966968,31.548599999950966
93.58269999984259,92.17850000004546,184.51090000007753,30.65310000010868
93.3737000000292,93.10269999969023,184.91509999967093,31.082400000286725
93.56509999997797,92.60020000010627,184.0210999998817,32.6785999995991
92.70710000009785,94.49339999991935,184.73760000006223,30.90969999993831
98.13349999967613,93.73069999992367,183.96589999974822,35.77260000020033
96.33380000013858,93.21680000039123,184.85650000002352,30.620799999724113
96.86119999969378,93.1391999997686,182.91839999983495,31.059299999924406
100.0475999999253,91.81149999994886,185.25679999993372,30.279200000222772
99.4330000003174,92.96050000011746,184.71099999987928,31.105399999887595
98.79159999991316,93.20720000005167,184.26299999964613,32.127500000115106
98.4070999998039,92.20839999989039,183.8577999997142,32.98919999997452
96.32990000000063,93.43519999993077,184.34780000006867,30.965500000093016
98.81129999985205,94.96549999994386,187.0931999997083,30.43260000004011
97.84780000018145,93.32689999973809,184.03609999995751,30.161499999849184
101.91720000011628,93.82740000000922,185.5542999996942,30.07190000016635
98.58329999997295,94.05570000035368,184.66979999993782,30.677400000058697
93.41060000042489,92.43179999975837,184.35009999984686,31.440199999906326
99.42799999998897,93.49060000022291,184.00329999985843,30.690400000366935
96.28939999993236,92.43360000027678,184.80930000032458,30.661199999940436
95.4636000001301,92.56050000021787,186.67920000007143,30.650299999706476
96.71650000018417,92.64459999985775,184.96830000003683,31.906199999866658
98.23740000001635,93.19719999984954,183.1475000003593,32.92929999997796
94.12980000024618,94.52849999979662,184.4063999997161,30.871700000261626
92.75359999992361,94.40689999973984,187.1187000001555,30.902700000297045
98.04860000031113,92.2921999999744,186.1524000000827,30.41750000011234
96.64530000009108,94.09170000026279,185.97849999969185,32.40750000031767
93.19299999970099,93.19909999976517,185.17879999990328,30.695200000081968
93.31890000021303,92.50699999984136,184.99449999990247,30.650299999706476
94.23190000006798,93.92260000004171,187.73650000002817,31.346799999937502
99.68269999990298,93.43289999969784,185.89960000008432,30.85689999988972
98.92889999991894,92.95360000032815,184.88840000009077,30.442199999924924
99.90970000035304,92.32650000012654,186.87809999983074,30.928299999686715
98.56489999992846,92.47750000031374,184.90380000002915,31.542700000045443
94.87630000012359,92.55979999988995,186.88709999969433,31.06290000005174
94.65769999997065,93.76780000002327,187.0694999997795,31.29979999994248
97.84239999999045,93.6388000000079,187.96270000029836,30.233399999815447
97.053799999685,94.06969999963621,187.02640000037718,30.576699999983248
99.11689999989903,91.97849999964092,184.45659999997588,31.02309999985664
97.053799999685,93.02470000011454,184.52139999999417,31.211500000154047
93.9103000000614,93.4769000000415,185.1739999997335,31.39469999996436
94.67790000007881,92.65430000004926,186.332400000083,30.328499999995984
92.84170000000813,92.87459999995917,186.2968999998884,31.563700000333483
92.3043000002508,92.55669999993188,183.2208000000719,30.550599999969563
93.98629999986952,92.31429999999818,184.42969999978231,30.354299999999057
94.19750000006388,93.10839999989184,184.30439999974624,30.77450000000681
93.88819999958287,93.91789999972389,185.8741999999438,30.607099999997445
95.05219999982728,92.82100000018545,184.8227999998926,31.455600000299455
92.51259999973627,92.26480000006632,184.48440000020128,31.011000000034983
94.69699999999648,93.48040000031688,184.77089999987584,30.817299999853276
94.72759999971458,92.43250000008629,185.8938999998827,30.33949999962715
95.44039999991583,92.32580000025337,184.9051000003783,30.534699999861914
92.96210000002247,92.5624000001335,184.50910000001386,30.482600000141247
94.17149999990215,92.95259999998962,190.63760000017282,30.34380000008241
93.26610000016444,92.3078999999234,187.19079999982569,30.32729999995354
94.30760000032024,92.73190000021714,190.23719999995592,31.342899999799556
93.09709999979532,93.25360000002547,187.33290000000125,31.501100000241422
96.95150000015929,93.54380000013407,187.24090000023352,35.96779999998034
93.25239999998303,92.90910000026997,186.12769999981538,32.257299999855604
93.08259999988877,93.06669999978112,185.33120000029157,32.70710000015242
93.66670000008526,92.8804999998647,185.15369999977338,30.8629999999539
95.58180000021821,92.32710000014777,186.42910000016855,30.566400000225258
94.54490000007354,93.05630000017118,185.24580000030255,30.556000000160566
94.07210000017585,92.86780000002182,187.54649999982576,30.46989999984362
93.96620000006806,92.18569999984538,185.21050000026662,31.35610000026645
92.89369999987684,92.51589999985299,184.89499999986947,31.086099999811267
94.02739999995902,93.53730000020732,183.97279999999228,30.903399999715475
96.12789999982851,93.35529999998471,185.4880000000776,31.23460000006162
95.71570000025531,93.3778000003258,185.50310000000536,30.468500000097265
94.33639999997467,95.67270000025019,183.90379999982542,30.576600000131293
93.89020000025994,92.77420000034908,184.60230000027877,30.434999999670254
93.694300000152,94.05030000016268,186.9477000000188,31.39389999978448
93.63560000019788,92.5772999999026,185.46939999987444,30.80099999988306
94.71259999963877,92.41380000003119,186.15509999972346,31.334199999946577
93.99230000008174,93.05559999984325,184.60559999994075,30.79359999992448
94.45659999983036,94.00469999991401,186.05320000006031,34.72069999997984
93.6384999999973,93.33209999977043,184.90079999992304,30.501100000037695
94.06360000002678,93.13269999984186,183.87230000007548,30.540000000200962
95.89199999982156,93.31820000033986,183.94709999984116,30.350300000009156
95.00810000008642,92.33829999993759,184.6556000000419,31.26909999991767
94.39070000007632,91.94799999977477,186.37360000002445,30.66690000014205
93.52930000022752,92.11129999994228,186.13589999995384,31.375499999739986
94.46860000025481,91.83980000034353,185.82440000000133,30.82570000015039
96.44059999982346,92.17179999996006,186.71949999998105,31.85780000012528
94.14989999959289,92.18209999971805,186.4706000001206,30.28489999996964
94.75900000006732,93.44220000002679,185.45799999992596,31.764400000156456
92.70879999985482,93.26599999985774,187.6182000000881,30.636999999842374
93.59939999967537,92.57019999995464,184.62270000009084,30.736199999864766
94.2205000001195,93.37520000008226,185.0043999997979,30.45620000011695
94.46209999987332,93.23910000011892,185.41559999994206,31.313200000113284
93.0938999999853,93.03189999991446,185.7311000003392,30.532600000242383
93.29969999998866,93.49629999996978,184.79579999984708,33.42730000031224
96.77750000037122,93.65359999992506,185.63760000006369,36.41689999994924
94.30190000011862,92.90339999961361,186.14629999956378,32.20359999977518
94.03780000002371,93.18530000018654,185.05279999999402,30.19610000001194
93.11040000011417,94.61460000011357,185.82530000003317,31.107499999961874
93.91850000019986,95.56049999991956,188.11349999987215,30.446800000390795
95.66529999983686,94.97300000020914,184.46979999998803,31.263100000160193
93.66929999987406,93.74239999988276,182.92710000014267,30.496599999878526
100.61439999981303,92.19489999986763,183.30379999997604,30.346499999723164
102.48550000005707,92.7784000000429,183.77529999997932,31.031099999836442
95.115000000078,92.247099999895,184.1340000000855,30.490500000269094
94.27189999996699,92.27559999999357,186.2022000000252,30.46519999998054
92.90340000006836,92.80919999991966,183.76199999966047,30.36709999969389
94.17880000000878,92.71450000005643,182.9109000000244,30.71269999963988
94.80600000006234,91.97110000013708,183.05069999996704,31.315599999743426
92.84630000001926,92.0907999998235,185.52809999982856,30.60139999979583
94.00360000017827,93.474199999946,186.04299999969953,30.582700000195473
92.64549999988958,91.98280000009618,184.43009999964488,31.01139999989755
94.25170000031358,92.25680000008651,183.35929999966538,31.813699999929668
96.82359999987966,93.51319999996122,182.22449999984747,31.636799999887444
93.87829999968744,93.05910000011863,183.1068999999843,30.881199999839737
93.42130000004545,92.30120000029274,184.5816999998533,30.712100000073406
96.4297999998962,93.50039999981163,186.61149999979898,30.824500000107946
92.77429999974629,93.03199999976641,184.6213000003445,30.442499999935535
95.69439999995666,92.77530000008483,186.70699999984208,30.240500000218162
93.83049999996729,92.61100000003353,186.73500000022614,30.275000000074215
93.10939999977563,92.3491999997168,185.80939999992552,30.46219999987443
93.93709999994826,92.67640000007304,185.29320000016014,31.485100000281818
94.16479999981675,92.16879999985395,184.51210000011997,32.88720000000467
94.77550000019619,92.44300000000294,184.68940000002476,30.415499999890017
93.44559999999547,94.80859999985114,185.7546999999613,31.27219999987574
93.14069999982166,92.65929999992295,184.64700000004086,30.816299999969488
93.90209999992294,93.41730000005555,187.05249999993612,35.51569999990534
96.35249999973894,92.16250000008586,185.38140000009662,30.53650000038033
93.54669999993348,92.57139999999708,186.7608000002292,30.681499999900552
95.48099999983606,92.78409999978976,184.17660000022806,31.63270000004559
94.1250000000764,93.52369999987786,184.34909999996307,31.297700000322948
93.01559999994424,93.16780000017388,184.2885999999453,30.830199999854813
92.9905000002691,92.73090000033335,185.89330000031623,31.56040000021676
93.23020000010729,92.03710000019782,183.62800000022617,30.44339999996737
94.17050000001836,92.78210000002218,182.93129999983648,30.658299999686278
93.6333999998169,93.59169999970618,185.45959999983097,30.92000000015105
92.87300000005416,92.13749999980791,185.8119000003171,30.27109999993627
95.77070000023014,92.95099999962986,194.5122000001902,30.27750000001106
94.152899999699,92.13690000024144,194.49949999989258,30.269400000179303
93.33120000019335,92.18689999988783,192.74689999974726,30.25290000005043
94.14740000011079,92.42709999989529,197.4119999999857,30.26429999999891
93.54370000028212,92.84960000013598,194.68099999994593,32.84880000001067
93.10770000001867,92.2722000000249,196.83870000017123,30.323299999963638
93.88049999961368,92.07980000019234,197.17110000010507,31.07259999978851
93.40599999995902,92.36650000002555,194.29589999981545,30.393800000183546
94.07950000013443,92.11009999989983,198.17569999986517,30.529699999988225
92.17560000024605,93.91399999958594,190.24669999998878,30.284500000107073
91.83919999986756,93.3087999997042,199.45370000004914,31.7707999997765
93.04069999961939,93.54579999990165,185.95760000016526,31.849599999986822
92.13679999993474,92.89380000018355,184.48579999994763,30.91290000020308
92.835500000092,93.39159999990443,193.84979999995267,30.31200000032186
93.86129999984405,92.68729999985226,194.79350000028717,30.41979999989053
93.9831000000595,93.73520000008284,193.03660000014133,29.99950000003082
93.64580000010392,93.62959999998566,194.48970000030386,31.350300000212883
92.57630000001882,92.5480000000789,191.30919999997786,30.50840000014432
92.69970000013927,92.4128000001474,184.9107000002732,30.66579999995156
94.13910000012038,92.47880000020814,183.6822000000211,30.49190000001545
93.76229999998031,92.76490000002013,185.92490000037287,30.371199999990495
94.11820000013904,92.97250000008717,184.26030000000537,34.91319999966436
94.9641000001975,92.63099999998303,185.42219999972076,30.50940000002811
95.4079000002821,93.53150000015376,186.14600000000792,30.610799999976734
94.66100000008737,92.99590000000535,185.0168000000849,30.966699999680714
93.24029999970662,92.61209999976927,185.892199999671,30.356700000083947
93.52850000004764,92.59130000009463,185.1237000000765,31.478599999900325
93.80870000040886,93.23749999975917,186.07840000004217,30.558800000108022
93.5617000000093,92.38559999994322,185.1142999998956,32.107300000006944
94.97510000028342,92.90499999997337,185.87180000031367,30.333199999859062
93.42429999969681,92.83529999993334,185.22379999967598,30.40400000008958
93.62719999990077,97.99860000020999,184.34250000018437,30.96270000014556
93.29999999999927,105.06040000018402,185.56059999991703,30.654800000320392
93.68429999994987,96.73350000002756,187.51620000011826,30.400900000131514
93.54400000029273,93.29299999990326,187.25629999971716,30.435399999987567
93.96580000020549,92.753299999913,184.48970000008558,30.244199999742705
93.27389999998559,95.66150000000562,184.0796000001319,31.07030000001032
93.8191000000188,94.83569999974861,185.24059999981546,36.85959999984334
94.08220000022993,92.23209999981918,185.2203000003101,31.343000000106258
96.15179999991597,92.78360000007524,184.8664999997709,31.081000000085623
100.22799999978815,93.34979999994175,185.12979999968593,31.06400000024223
98.8430000002154,92.85920000002079,184.0757999998459,31.988100000035047
100.72119999995266,93.09620000021823,184.459600000082,30.494500000258995
98.47550000040428,94.10650000017995,188.475599999947,30.896300000222254
100.6865999997899,92.84010000010312,184.05369999982213,30.696800000441726
100.82680000004984,93.83660000003147,185.87440000010247,31.63799999992989
95.3866999998354,92.3585999998977,185.34490000001824,30.691899999965244
96.62900000012087,92.39789999992354,184.7195999998803,30.87679999998727
96.87180000037188,94.97230000033596,185.25589999990189,31.031800000164367
98.19420000030732,92.52269999979035,185.1278999997703,30.506399999921996
96.66329999981826,91.93439999990005,183.97219999997105,30.458700000053796
98.18189999987226,93.1190000001152,185.96490000027188,30.581100000290462
98.31660000008924,93.63320000011299,185.24240000033387,31.08750000001237
100.17680000009932,92.53050000006624,184.89900000031412,30.43859999979759
98.67060000033234,93.09200000006967,188.2722999998805,31.137500000113505
100.32930000033957,92.80949999993027,188.29150000010486,31.01200000037352
95.28270000009798,93.1338999998843,185.0137999999788,31.720899999982066
95.07320000011532,92.79379999998127,184.21959999977844,30.858999999964
97.13560000000143,92.98440000020491,183.70129999993878,30.36980000024414
96.79920000007769,92.98100000023624,184.8973000001024,32.06849999969563
94.0110999999888,92.70130000004428,186.4786000001004,31.018799999856128
94.00259999983973,92.74950000008175,183.79120000008697,30.80450000015844
95.13340000012249,92.62970000008863,184.8190999999133,30.907500000012078
93.99739999980739,92.12079999997513,183.89440000009927,31.21629999986908
92.58480000016789,92.57339999976466,185.94889999985753,31.755800000155432
94.67129999984536,93.33120000019335,184.4916000000012,30.233100000259583
93.83840000009513,93.95740000036312,184.03689999968265,30.913499999769556
94.4550999997773,93.1362999999692,184.6920000002683,30.967400000008638
94.09840000034819,92.7851000001283,183.73929999961547,32.76629999982106
95.49740000011298,93.33299999980227,185.89210000027379,32.43239999983416
93.36309999980585,92.7190000002156,187.18120000039562,30.222299999877578
94.02200000022276,92.78249999988475,184.80510000017603,30.778900000314025
96.33330000042406,92.79149999974834,185.82440000000133,30.79230000003008
94.36410000034812,92.5916999999572,184.45899999960602,30.532500000390428
93.15849999984493,92.95519999977842,183.32839999993666,30.171299999892653
92.52740000010817,93.89749999991182,185.70550000004005,31.966600000032486
94.87360000002809,92.82500000017535,187.554099999943,31.209499999931722
94.12969999993948,94.26870000015697,184.0196999996806,30.55769999991753
93.25940000007904,92.87230000018099,185.83480000006602,31.268299999737792
93.04530000008526,92.60310000036043,185.19419999984166,31.781300000147894
93.28599999980725,92.84310000020923,185.527699999966,31.132700000398472
99.66000000031272,93.76380000003337,193.2208999996874,30.8657000000494
93.52500000022701,92.49060000001919,196.31400000025678,31.84800000008181
94.53250000024127,96.5940999999475,198.0186999999205,31.621300000097108
93.91850000019986,93.5961000000134,195.9514999998646,30.845299999782583
94.8511999999937,92.61419999984355,195.35610000002634,31.115499999941676
96.3621000000785,94.54069999992498,193.17759999967166,32.03529999973398
96.62339999977121,93.33269999979166,192.2177000001284,31.082099999821367
99.57279999980528,93.17939999982627,196.79109999970024,31.04269999994358
93.83299999990413,92.48000000025058,191.43769999982396,31.086099999811267
93.15549999973882,92.67240000008314,193.37240000004385,31.371600000056787
93.90419999999722,92.53269999999247,193.59050000002753,31.18369999992865
94.02009999985239,93.27780000012353,183.78090000032898,30.141100000037113
93.03939999972499,92.96930000027714,186.66819999998552,30.208000000129687
95.80580000010741,93.23009999980059,184.3432999999095,30.364400000053138
94.30740000016158,93.71139999984734,185.44250000013562,30.153799999879993
94.1210000000865,93.66899999986344,188.82750000011583,30.33480000021882
93.16539999963425,93.78760000026887,190.9866000000875,30.432999999902677
92.95479999991585,93.09189999976297,190.21720000000641,30.107699999916804
94.04390000008789,93.09890000031373,186.00270000024466,30.170999999882042
92.96070000027612,92.93079999997644,185.2057999999488,30.832799999643612
93.77009999980146,92.5240000001395,187.20429999984844,31.516799999735667
93.41659999972762,93.55730000015683,185.66869999995106,30.74289999995017
95.6651999999849,93.05379999977959,185.9838000000309,31.14510000023074
94.13010000025679,93.52030000036393,187.1264000001247,34.56529999994018
94.35649999977613,92.48340000021926,185.5478000002222,30.796900000041205
93.62740000005942,93.15010000000257,185.45129999984056,31.15410000009433
94.07529999998587,92.81830000008995,186.36330000026646,31.425399999989168
95.33349999992424,93.09959999973216,185.55760000026567,30.506799999784562
92.67739999995683,92.33539999968343,190.5255000001489,30.467699999917386
93.71220000002722,94.03120000024501,184.55149999999776,30.442999999650056
92.92299999970055,94.31380000023637,184.3432999999095,31.349600000339706
95.4212000001462,95.65729999985706,185.06600000000617,30.71570000020074
95.1108999997814,95.71589999995922,183.2248000000618,31.467399999655754
93.34770000032222,95.08080000023256,184.82540000013614,31.10340000012002
92.74709999999686,95.09720000005473,184.89960000033534,30.370399999810616
93.76540000039313,95.61030000031678,184.77209999991828,30.19059999996898
95.4345000000103,95.66510000013295,186.0464999999749,30.50020000000586
93.92409999964002,95.77350000017759,188.00939999982802,30.863399999816465
93.88980000039737,95.98469999991721,185.0061000000096,31.17759999986447
