Similarity Score,Original Sentence (Keep),Duplicate Sentence (Remove)
0.8540,pwede po ba eh connect sa cellphone to,pwede ba ang usb dito phone connect
0.9641,pwede po ba eh connect sa cellphone to,pwede po connect sa cellphone
0.9010,my radio po b yn,my radio po ba
0.8603,may fm po ba ito,may fm radio po ba yan
0.9127,may fm po ba ito,may fm ba to
0.9710,may fm po ba ito,may fm po ba yan
0.8773,may fm po ba ito,may fm radio na po ba ito
0.8765,may fm po ba ito,may fm radio po ba ito
0.8733,may fm po ba ito,may fm radio ba ito
0.8966,ilang watts po ito,ilan watts po ito sir
0.9799,ilang watts po ito,ilang watt po ba ito
0.8604,amplified na po,amplified na po ba to
0.8779,may aux ba to,may aux po ba
0.8572,may bluetooth na po ba to,may bluetooth po
0.9891,may bluetooth na po ba to,may bluetooth po ba ito
0.9687,may bluetooth na po ba to,may bluetooth ba
0.9632,may bluetooth na po ba to,may bluetooth ba sya
0.9787,may bluetooth na po ba to,may bluetooth po ba
0.9391,may bluetooth na po ba to,bluetooth po ba yan
0.9825,may bluetooth na po ba to,may bluetooth ba ito
0.8692,may bluetooth na po ba to,pwd dn po ba siya sa bluetooth
0.9226,may saksakan ba to ng microphone,pwedi ba saksakan nang microphone to
0.8573,may saksakan ba to ng microphone,may saksakan ba ng mic ito
0.8539,may saksakan ba to ng microphone,may mic ba to
0.8811,may saksakan ba to ng microphone,with microphone ba ito
0.8630,may saksakan ba to ng microphone,ok naman po ba yung microphone
0.8502,may saksakan ba to ng microphone,available pa po ba to microphone nato
0.9673,pwede rin ba to pang videoke,pwede ba to pang videoke
0.9122,pwede rin ba to pang videoke,pwede po ba sya pang videoke
0.8655,pwede rin ba to pang videoke,pwede po ba to gamitin pang videoke
0.8673,pls answer po if pwede ba to direct connect sa smart tv atmay saksakan po ba ng mic tosalamat po,pwede ba itong e direct connect sa devant smart tv pls reply kasi bibili ako ngayon
0.8801,pls answer po if pwede ba to direct connect sa smart tv atmay saksakan po ba ng mic tosalamat po,pakisagot po if pwede ba to direct connect sa smart tv at may saksakan ba to ng mic salamat maghihintay ako hanggang bukas sa reply kasi oorder ako
0.8714,pwede ba ito direct e coconect sa smart tv ko,pwede ba to maconnect sa smart tv pano
0.9219,may fm radio po ba to,me fm radio ba ito
0.8509,may fm radio po ba to,may radio ba
0.8899,may fm radio po ba to,may fm radio function po ba ito
0.8832,may fm radio po ba to,pd pu ba sa fm radio
0.9379,may fm radio po ba to,may fm radio po b ito
0.9558,may fm radio po ba to,may fm radio na po ba ito
0.9586,may fm radio po ba to,may fm radio po ba ito
0.9453,may fm radio po ba to,may fm radio ba ito
0.9720,pwede po ba ito sa tv,pwede ba ito sa tv ikabit
0.8726,pwede po ba ito sa tv,pwde ba sya sa tv
0.8585,pwede po ba ito sa tv,pwede po ba ito sa mga smart tv
0.9020,pwede po ba ito sa tv,gagana po ba ito sa tv
0.8868,pwede po ba ito sa tv,pwede po ba ito sa led tv
0.9617,pwede po ba ito sa tv,pwede po ba sa tv
0.8709,pwede po ba ito sa tv,pwede gamitin po sa tv
0.9380,pwede po ba ito sa tv,pwede po ba to sa tv gamitin
0.8514,pwede po ba ito sa tv,pde po ba sa tv
0.8613,pwede po ba ito sa tv,pwede ba ito xa tv para manood ng movie
0.9320,pwede po ba ito sa tv,pwede po sa tv
0.8894,pwede po ba ito sa tv,compatible po ba ito sa tv
0.8940,pwede po ba ito sa tv,pede po ba itong gamitin sa tv
0.8932,pwede po ba ito sa tv,pwede ba sya kahit saang tv
0.8519,pwede po ba ito sa tv,pwede po ba ito sa skyworth tv
0.9225,pwede po ba ito sa tv,pwede po ba itong phone to tv
0.9660,may warranty po ba,may warranty po ba to
0.8840,may warranty po ba,may waranty ba ito
0.8589,may warranty po ba,may warranty po ba paano po kung ganun
0.9107,gaano po ito kalaki,gaano po sya kalaki
0.9890,gaano po ito kalaki,gaano po kalaki ito
0.8805,gaano po ito kalaki,magkano po sia
0.8920,gaano po ito kalaki,gaano po kalakas
0.8570,gaano po ito kalaki,gaano siya kahaba
0.9499,gaano po ito kalaki,gaano kahaba po to
0.8881,gaano po ito kalaki,gaano po sya kahaba
0.9699,gaano po ito kalaki,gaano po kalaki to
0.8609,gaano po ito kalaki,how much po yun
0.8791,bakit po ng mahal ng shipping fee,magkano po shipping fee
0.9014,bakit po ng mahal ng shipping fee,bakit po may delivery fee
0.8843,bakit po ng mahal ng shipping fee,magkano po yung shipping fee
0.8858,bakit po ng mahal ng shipping fee,magkano po ang shipping fee
0.8563,bakit po ng mahal ng shipping fee,bakit may delivery charge
0.8778,bakit po ng mahal ng shipping fee,bakit may shipping fee pa din na babayaran
0.8847,ilang inch po cya,ilang inch po ba eto
0.8652,ilang inch po cya,ilan inch po
0.8541,ilang inch po cya,gaano po sya kalaki ilang inch po
0.8568,bakit meron ng delivery charge nuon wala khit pisomahal p ng delivery charge ngaun,bakit po may delivery fee
0.8695,bakit meron ng delivery charge nuon wala khit pisomahal p ng delivery charge ngaun,bakit may delivery charge
0.8818,pede po ito iconnect sa tv,pwede po iconnect sa tv
0.8662,pede po ito iconnect sa tv,paano po ba ito iconnect sa tv
0.8582,may am at fm po ba,may fm ba to
0.9019,pwed po ba e conect sa tv,pwd po e connect po s tv
0.8620,ilang days po ba bago po ma deliver,ilang araw bago ma deliver yun order
0.8569,ilang days po ba bago po ma deliver,mga ilang days po ba bago dumating
0.9858,pwede po ba cod,pwede po ba to cod
0.8839,pwede po ba cod,pwede po ba cod dito
0.9817,pano po mag order,pano po maam mag order
0.9686,pano po mag order,maam pano po mag order
0.9788,pano po mag order,paano po mag order
0.8875,pano po mag order,paano po magorder
0.9736,pano po mag order,paano mag order po
0.9646,legit po ba ito,legit po ba to
0.8612,legit po ba ito,legit ba to
0.9120,legit po ba ito,legit po ba
0.9187,original po ba,orig po ba
0.9071,original po ba,original po ba ito
0.8787,original po ba,orig ba to
0.9771,original po ba,original po ba to
0.9160,original po ba,orig po ba to
0.8732,original po ba,orig po ba ito
0.8924,original po ba,original po b yan
0.8544,original po ba,original bavin ba ito
0.8983,original po ba,original ba ito
0.8698,original po ba,original po b ito
0.9320,original po ba,original ba yan
0.9745,kailan ko po b makukuha order ko,kailan ko po matatanggapyung order ko po
0.9235,kailan ko po b makukuha order ko,kailan po darating yung order ko
0.9698,kailan ko po b makukuha order ko,kailan ko matanggap yung order ko po
0.8937,kailan ko po b makukuha order ko,kelan po darating order ko
0.9203,origina ba to,orig ba to
0.9030,original po ba sya hindi po ba sya oem,original po ba ito or oem
0.8831,hi compatible po ba ito sa redmi 4x,compatible po ba ito sa xiomi redmi 4a
0.8513,hi compatible po ba ito sa redmi 4x,compatible ba to sa redmi note 4x
0.8697,compatible po ba siya sa oppo a57,compatible po ba xa sa oppo a37f
0.8686,compatible po ba siya sa oppo a57,compatible po ba ito sa oppo neo 5
0.8504,compatible po ba siya sa oppo a57,compatible po ba ito sa oppo a3s
0.8784,compatible po ba siya sa oppo a57,compatible po ba siya sa oppo f5
0.9035,compatible po ba siya sa oppo a57,hi po compatible po ba ito sa oppo a37f
0.8556,compatible po ba siya sa oppo a57,compatible ba to sa oppo f7
0.8864,compatible po ba siya sa oppo a57,compatible po ba sa oppo a37
0.9497,compatible po ba siya sa oppo a57,compatible po ba sa oppo a57
0.8773,compatible po ba siya sa oppo a57,compatible po ba to sa oppo a37
0.9320,compatible po ba siya sa oppo a57,compatible po ba sya sa oppo a37f
0.9743,compatible po ba siya sa oppo a57,compatible po ba ito sa oppo a57
0.8694,compatible po ba siya sa oppo a57,compatible po ba ito sa oppo a39
0.8724,compatible po ba siya sa oppo a57,compatible ba ito sa oppo f7 phone
0.8564,compatible po ba siya sa oppo a57,compatible po ba ito sa oppo f5
0.9350,is this compatible to asus,compatible po ba ito sa asus
0.8665,hi sir pwede po ba ito sa f3,hi pwede po ba sa oppo f3
0.8633,compatible po ba sya sa samsung,pwede sya sa samsung
0.9517,compatible po ba sya sa samsung,compatable ba sa samsung ito
0.8817,compatible po ba sya sa samsung,pwede po ba sya sa samsung
0.8532,compatible po ba sya sa samsung,gumagana po ba ito sa samsung
0.8675,compatible po ba sya sa samsung,pwede po ba ito sa samsung
0.8593,compatible po ba sya sa samsung,compatible po ba ito sa samsung a8
0.8503,compatible po ba sya sa samsung,compatible po ba to sa samsung j5
0.8610,compatible po ba sya sa samsung,compatible ba ito sa samsung galaxy s3
0.9860,pwede ba sabay gamitin,pwede po bang sabay gamitin
0.9511,compatible ba sa huawei y,compatible po ba sa huawei
0.8539,compatible ba sa huawei y,compatible po ba ito sa huawei nova2i
0.9325,compatible ba sa huawei y,compatible po ba sya sa huawei
0.8559,compatible ba sa huawei y,compatible po ba ito sa huawei g6
0.8691,compatible ba sa huawei y,compatible po buh ang huawei y7
0.8520,pwede po ba yan sa samsung mini j1 nga cp,pwede po ba ito sa samsung j1 ask lng
0.8772,compatible po ba for iphone 8,compatible po ba for iphone 6
0.8785,compatible po ba for iphone 8,compatible po ba for iphone6
0.8557,compatible po ba for iphone 8,compatible po b to sa iphone
0.8572,compatible po ba for iphone 8,compatible po b to sa iphone6
0.8753,compatible ba siya any phone,compatible ba siya sa iphone
0.8771,compatible ba siya any phone,compatible po ba siya sa kahit anong android phone
0.8779,compatible ba siya any phone,pwede po ba siya sa kahit anong phone
0.8620,compatible ba siya any phone,anong phone compatible
0.8742,compatible ba siya any phone,puwede po ba sya sa kahit anong phone
0.8697,compatible ba siya any phone,pwede ba ito sa kahit na anong phone
0.8733,compatible ba siya any phone,compatible po ba to sa kahit anong unit nang cellphone
0.8633,compatible ba siya any phone,compatible ba to sa kahit anong android phone
0.9024,ok po ba sya for iphone 6,compatible po ba sa iphone 6
0.8611,ok po ba sya for iphone 6,suitable ba ito sa iphone 66s
0.8514,ok po ba sya for iphone 6,compatible po ba sa iphone 6s
0.8567,ok po ba sya for iphone 6,pwede ba to for iphone 7
0.9087,ok po ba sya for iphone 6,pwede po ba to sa iphone 6
0.8696,ok po ba sya for iphone 6,compatible po ba siya sa iphone 6 thankyouu
0.8886,ok po ba sya for iphone 6,compatible po kaya sya sa iphone 6
0.8875,ok po ba sya for iphone 6,hi pwede ba ito sa iphone6
0.9059,ok po ba sya for iphone 6,pwede po ba ito sa iphone 6
0.8810,ok po ba sya for iphone 6,pwede b yan sa iphone6
0.9061,ok po ba sya for iphone 6,pwede po ba sya sa iphone 6
0.8553,ok po ba sya for iphone 6,good morning pwd po ba ito sa iphone 6
0.9059,ok po ba sya for iphone 6,pwede po ba yan sa iphone 6
0.9052,ok po ba sya for iphone 6,compatible po ba yan sa iphone 6
0.8975,ok po ba sya for iphone 6,compatible ba to sa iphone 6
0.8677,ok po ba sya for iphone 6,pwede b ung iphone 6
0.8693,gagana po ba sila sabay,gumagana ba pareho
0.8617,ok ba yan sa samsung j2pro,pwede po ba sa samsung j2 yan
0.8775,ok ba yan sa samsung j2pro,pwede po ba yan sa samsung j2
0.8847,ok ba yan sa samsung j2pro,pwdi po ba yan sa samsung j2
0.9491,compatible bat9 sa xiaomi redmi note 4,compatible poba to sa xiaomi redmi note 4
0.8699,compatible po ba sa oppo a3s,compatible po ba xa sa oppo a37f
0.9645,compatible po ba sa oppo a3s,compatible po ba ito sa oppo a3s
0.9057,compatible po ba sa oppo a3s,compatible po ba sa oppo a37
0.8961,compatible po ba sa oppo a3s,compatible po ba to sa oppo a37
0.8907,compatible po ba sa oppo a3s,is it applicable po sa oppo a3s
0.8688,compatible po ba sa oppo a3s,compatible po ba sya sa oppo a37f
0.8862,compatible po ba sa oppo a3s,compatible po b with oppo a3s
0.8779,compatible po ba sa oppo a3s,compatible po ba ito sa oppo a39
0.8651,compatible po ba sa oppo a3s,pwede sa oppo a3s
0.8534,compatible po ba sa oppo a3s,pwede po sa oppo a3s
0.9089,compatible po ba sa oppo a3s,compatible po ba sa oppo a3s thanks
0.8594,compatible po ba sa oppo a3s,compatible po ba ito sa aking oppo a3s thank you
0.8535,pd ba sya sa oppo a3s,is it applicable po sa oppo a3s
0.8594,pd ba sya sa oppo a3s,hi pwede po ba sya sa oppo a3s
0.8667,pd ba sya sa oppo a3s,pwede po ba to sa oppo a3s
0.8861,pd ba sya sa oppo a3s,pued ba sa oppo a3s
0.8626,pd ba sya sa oppo a3s,pwede po ba ito sa oppo a3s
0.8599,pd ba sya sa oppo a3s,pwede po ba sa oppo a3s
0.8552,pd ba sya sa oppo a3s,pwede po ba sya sa oppo a3
0.8788,pd ba sya sa oppo a3s,pwde po ba to sa oppo a3s
0.8850,compatible ba siya sa vivo v9,compatible po ba ito sa vivo v3
0.9544,compatible ba siya sa vivo v9,compatible po ba sa vivo v9
0.8569,compatible ba siya sa vivo v9,compatible po ba ito sa vivo phone
0.8810,compatible ba siya sa vivo v9,puwede po ba yan sa vivo v9
0.8955,compatible ba siya sa vivo v9,compatible po ba to sa vivo v7
0.9237,compatible ba siya sa vivo v9,compatible po ba sya sa vivo v5
0.9227,compatible ba siya sa vivo v9,compatible po ba ito sa vivo v7
0.8551,compatible ba siya sa vivo v9,pwede sa vivo v9
0.8943,compatible ba siya sa vivo v9,pwede po ba ito sa vivo v9
0.8575,compatible po ba xa sa iphones,compatible po ba sa iphone 6
0.9048,compatible po ba xa sa iphones,compatible ba siya sa iphone
0.8523,compatible po ba xa sa iphones,compatible po b to sa iphone
0.8825,compatible po ba xa sa iphones,compatible po ba sa iphone 6s
0.8709,compatible po ba xa sa iphones,compatible po ba ito for iphone 5s
0.9273,compatible po ba xa sa iphones,compatible po ba sa iphone
0.8628,compatible po ba xa sa iphones,compatible sa iphone
0.8613,compatible po ba xa sa iphones,compatible po ito sa iphone 6s
0.8607,compatible po ba xa sa iphones,compatible ba ito sa oppo phones
0.8624,compatible po ba xa sa iphones,compatible po ba yan sa iphone 6
0.8577,compatible po ba xa sa iphones,compatible ba to sa iphone 6
0.9140,compatible po ba siya sa huawei nova 3i,pwedepo ba sa huawei nova 3i ito
0.8981,compatible po ba siya sa huawei nova 3i,compatible ba ito sa huawei nova 2i
0.9418,compatible po ba siya sa huawei nova 3i,is this compatible sa huawei nova 3i
0.9833,compatible po ba siya sa huawei nova 3i,compatible po ba ito sa huawei nova 3i
0.8934,compatible po ba siya sa huawei nova 3i,compatible po ba ito sa huawei nova2i
0.9069,compatible po ba siya sa huawei nova 3i,compatible ba sya sa huawei nova 2i
0.8805,compatible po ba siya sa huawei nova 3i,nagana po ba to sa huawei nova 3i
0.9380,compatible po ba siya sa huawei nova 3i,compatible po ba sa huawei nova3i
0.9507,compatible po ba siya sa huawei nova 3i,compatible po ba to sa huawei nova 3i
0.9119,compatible po ba siya sa huawei nova 3i,pwede ba sa huawei nova 3i
0.8761,compatible po ba siya sa huawei nova 3i,compatible ba sya sa huawei nova 2lite
0.9069,compatible po ba siya sa huawei nova 3i,pwede ba ito sa huawei nove 3i
0.9071,compatible po ba siya sa huawei nova 3i,pwede po ba sa huawei nova 3i
0.8603,compatible po ba siya sa huawei nova 3i,sirmaam pwede poba ito sa huawei nova 3i
0.8564,compatible po ba siya sa huawei nova 3i,pwede po ba ito sa huawei 3i
0.8971,compatible po ba siya sa huawei nova 3i,pwde po ba ito sa huawei nova3i
0.8814,compatible po ba siya sa huawei nova 3i,pwede poba to sa huawei nova 3i
0.9109,compatible po ba siya sa huawei nova 3i,pudi po ba ito sa huawei nova 3i
0.8656,pwede po ba sya sa asus,puwede po ba sa asus yan
0.8552,pwede po ba sya sa asus,pwede po ba sya sa oppo
0.8748,pwede po ba sya sa asus,pwede po ba sa asus yan
0.9170,pwede po ba sya sa asus,pwede ba sa asus
0.9827,bat ang tagal ata ng delivery,bat ang tagal ng delivery
0.8694,cod po ba,cod po b
0.8617,cod po ba,cod pobha to
0.8631,cod po ba,cod po b ito
0.9547,cod po ba,cod po ba to
0.8517,compatible ba sya s samsung s7,may available po ba na otg na compatible sa samsung a7
0.8514,compatible ba sya s samsung s7,compatible po ba to sa s7 edge
0.9154,compatible ba sya s samsung s7,compatible ba sa samsung s7 edge
0.8562,compatible ba sya s samsung s7,compatible po ba sa s7 edge
0.8640,compatible ba sya s samsung s7,compatible po ba sa samsung j7pro
0.8584,pwede po ba sya sa vivo v11i,pwede po ba siya sa vivo y91
0.8914,pwede po ba sya sa vivo v11i,pwede po ba ito sa vivo 11i
0.8658,pwede po ba sya sa vivo v11i,nagana po ba to sa vivo v11i
0.8751,pwede po ba sya sa vivo v11i,pwede po ba sa sya sa vivo v5
0.8742,pwede po ba sya sa vivo v11i,pwede ba to sa vivo 11
0.9338,is it compatible with huawei nova 2i device,compatible ba ito sa huawei nova 2i
0.9017,is it compatible with huawei nova 2i device,compatible po ba to sa huwaei nova 2i
0.8974,is it compatible with huawei nova 2i device,compatible po sa huaweii nova 2i
0.8503,is it compatible with huawei nova 2i device,pwede po ba to sa huawei nova 2lite
0.8820,is it compatible with huawei nova 2i device,compatible ba sa huawei nova 2i thnx
0.9081,is it compatible with huawei nova 2i device,compatible po ba ito sa huawei nova2i
0.9378,is it compatible with huawei nova 2i device,compatible ba sya sa huawei nova 2i
0.8601,is it compatible with huawei nova 2i device,pde kaya xa sa huawei nova 2i
0.8689,is it compatible with huawei nova 2i device,pwede sa huawei nova 2i
0.8671,is it compatible with huawei nova 2i device,pwede ba ito sa huawei nova 2i
0.9172,is it compatible with huawei nova 2i device,compatible ba sya sa huawei nova 2lite
0.8885,is it compatible with huawei nova 2i device,pwd po ba ito sa huawei nova 2i
0.8854,is it compatible with huawei nova 2i device,ayos ba controls nito sa huawei nova 2i
0.8691,is it compatible with huawei nova 2i device,pwed ba sa huawei nova 2i
0.8744,is it compatible with huawei nova 2i device,pwde to sa huawei nova 2i ty
0.9182,does it work po ba for iphone 5,gagana po ba to sa iphone 5
0.8627,pwd ba eto sa ipad,pwde po ba from ipad
0.9360,pwd ba eto sa ipad,pwde po ba sa ipad
0.9221,pwede po ba ito sa android phone,pwede ba to any android phone
0.9289,pwede po ba ito sa android phone,pwede ba to sa android
0.9080,pwede po ba ito sa android phone,pwede po b yan sa android
0.9311,pwede po ba ito sa android phone,pwede po siya android phone
0.8526,pwede po ba ito sa android phone,pwede bato gamitin sa android phone
0.9772,pwede po ba ito sa android phone,pwede po ba sa android phone ito
0.8756,pwede po ba ito sa android phone,pwede po ba to maka print using android phone
0.8872,pwede po ba ito sa android phone,compatible ba ito sa android mobile phone
0.9675,pwede po ba ito sa android phone,pwede po ba sya sa android phone
0.8796,pwede po ba ito sa android phone,compatible din ba ito sa android phone
0.8790,pwede po ba ito sa android phone,pwede po b sya s kahit anong android phone
0.9401,pwede po ba ito sa android phone,pwede po ba to sa kahit anong android phone
0.9131,pwede sa android,pwede ba to sa android
0.8885,pwede sa android,pwede po b yan sa android
0.8606,ilang days po bago dumating yan,mindanao po ilang days bagu dumating
0.8688,ilang days po bago dumating yan,ilang days bago dumating dito yung product
0.8576,ilang days po bago dumating yan,ilang days po ba bago dumating yong inorder ko na ganito
0.9536,ilang days po bago dumating yan,mga ilang days po ba bago dumating
0.8963,pwede po ba toh sa samsung galaxy a7 2017,pwede po ba ito sa samsung a7 2017 ko
0.8692,pwede po ba toh sa samsung galaxy a7 2017,type c po b yanpwd kaya sa samsung galaxy a7 2017 yan
0.9419,pwede po ba toh sa samsung galaxy a7 2017,pwede po ba sa samsung a7 2017
0.8690,pwede po ba toh sa samsung galaxy a7 2017,pwede po ba sa samsung a7 2018
0.8588,pwede po ba toh sa samsung galaxy a7 2017,pwede ba eto sa samsung a7 2018
0.8869,pwde po ba to sa andriod oppo a3s,pwd sa oppo a3s
0.9090,pwde po ba to sa andriod oppo a3s,pwde po ba oppo a3s
0.8992,pwde po ba to sa andriod oppo a3s,pwd po ba s oppo a3s
0.9026,pwde po ba to sa andriod oppo a3s,pued ba sa oppo a3s
0.9357,pwde po ba to sa andriod oppo a3s,pwde po ba to sa oppo a3s
0.9477,pede ba sya sa asus 4 max,pwede po ba sya sa asus max 4
0.8987,pede ba sya sa asus 4 max,compatible po ba sa asus max 4
0.8647,pwede po ba sya sa oppo f5,pwede po ba sa oppo f9
0.8972,pwede po ba sya sa oppo f5,compatible po ba siya sa oppo f5
0.8634,pwede po ba sya sa oppo f5,hello pwede ba ito sa oppof5
0.8542,pwede po ba sya sa oppo f5,pwede po ba yan sa oppo f7
0.8811,pwede po ba sya sa oppo f5,pwede ba siya sa iphone5
0.8669,pwede po ba sya sa oppo f5,compatible po ba ito sa oppo f5
0.9102,pwede po ba sya sa oppo f5,pwede po ba sya sa oppo f9
0.8604,pwede po ba sya sa oppo f5,pwede po ba to sa oppo f7
0.8612,pwede po ba sya sa oppo f5,pwede po siya sa iphone 5s
0.8966,pwede po ba sya sa oppo f5,pwede ba sya sa iphone 5 po
0.8680,pwede po ba sya sa oppo f5,pwede po ba yan sa oppo f9
0.8742,pwede po ba sya sa oppo f5,pwede ba to sa oppo f9
0.9568,pwede po ba sya sa oppo f5,pwede po ba yan sa oppo f5
0.9681,pwede po ba sya sa oppo f5,pwede po ba to sa oppo f5
0.8859,gumagana po ba to sa android,pwede ba to sa android
0.8512,gumagana po ba to sa android,maganda rin ba to sa android
0.8753,gumagana po ba to sa android,nagana po ba to sa android
0.8508,gumagana po ba to sa android,pwede po b yan sa android
0.8983,gumagana po ba yung dalawa,gumagana ba pareho
0.9108,universal po ba ito,universal use po ba ito
0.8672,nag order palang po kasi ako,order po ako
0.8576,pwede po ba sya sa cherry mobile,pwede po ba ito sa cherry mobile zoom
0.8877,wala po ba syang mic,may mic po ba ito
0.9063,pwede on iphone,pwede po ba to sa iphone
0.8908,pwede on iphone,pwede ba sya sa iphone
0.9898,pwede on iphone,pwede sa iphone
0.9203,pwede on iphone,pwede po sya sa iphone
0.8717,pwede on iphone,pwde po ba sa iphone
0.9745,pwede on iphone,pwede po sa iphone
0.9415,pwede on iphone,pwede po sa iphone to
0.9249,pwede on iphone,pwede b sa iphone
0.8697,pwede on iphone,pwede sa iphone 5
0.9323,pwede on iphone,pwede po sa iphone se
0.8961,pwede on iphone,sa iphone mo pwede
0.8860,pwdi po ba to sa oppo f9,pwede po ba sa oppo f9
0.8740,pwdi po ba to sa oppo f9,pwede po ba yan sa oppo f9
0.8881,pwdi po ba to sa oppo f9,pwede ba to sa oppo f9
0.8617,ilang hours po yung charging time nung charger,ilang hours po yung charging time nung earpods
0.8660,ilang hours po yung charging time nung charger,how many hours yung charging time
0.9142,pwede po ba to sa huawei y5,pwede po ba ito sa huawie y5ii
0.8818,pwede po ba to sa huawei y5,sa huawei y6 po pwede po ba
0.9881,pwede po ba to sa huawei y5,pwede ba sa huawei y5
0.9668,pwede po ba to sa huawei y5,pwede poba to sa huawei y5
0.8832,pwede po ba to sa huawei y5,pwede poba ito sa huawei y6
0.8652,pwede po ba to sa huawei y5,pede po ba yan sa huawei y6
0.8768,pwede po ba to sa huawei y5,pwede po ba sa huawei y6ii
0.8834,pwede po ba to sa huawei y5,pwede po ba itp sa huawei y5 2017
0.9716,pwede po ba sa samsung yan,pwede po ba ito sa samsung
0.8800,pwede po ba sa samsung yan,pwedepo tuh sa samsung
0.9554,pwede po ba sa samsung yan,pwede po ba sa samsung
0.8637,pwede po ba sa samsung yan,pwede po ba sa samsung j2 yan
0.8537,pwede po ba sa samsung yan,pwede po ba yan sa samsung j2
0.8508,pwede po ba sa samsumg yan,pwede po ba ito sa oppo
0.8518,pwede po ba sa samsumg yan,pwede po ba to sa huwawei
0.8864,pwede po ba sa samsumg yan,puwede po ba sa asus yan
0.8670,pwede po ba sa samsumg yan,pwede bang ipa ciss yan
0.8756,pwede po ba sa samsumg yan,pwede po ba sa asus yan
0.8553,pwede po ba sa samsumg yan,pwede po b yan s oppo
0.9120,pwede po ba sa flare s6 to cherry mobile,hi po pwede po ba yan sa cherry mobile flare s6
0.9453,pwede po ba sa flare s6 to cherry mobile,pwede po ba yan sa cherry mobile flare s6
0.8914,pwde po b s vivo y53,pde po b yan sa vivo y53
0.8517,pwde po b s vivo y53,pedi po ba sa vivo y53
0.9242,pwede ba to sa mate 20 pro ng huawei,pwede b to sa huawei mate 20 kasya kaya
0.8574,pwede ba to sa mate 20 pro ng huawei,pwede po ba ito sa huawei mate 8
0.9022,pwede po ba sa oppo a3s tanks,pede po ba sa oppo a3s tanks
0.8523,pwede po ba sa oppo a3s tanks,pwede rin po ba sa oppo a3s
0.8683,pwede po ba sa oppo a3s tanks,pwede po ba to sa oppo a3s
0.8685,pwede po ba sa oppo a3s tanks,pwede po ba oppo a3s
0.8706,pwede po ba sa oppo a3s tanks,pwede po sa oppo a3s
0.8527,pwede po ba sa oppo a3s tanks,pwede bang pang ml sa oppo a3s
0.8554,pwede po ba sa oppo a3s tanks,pwede po ba ito sa oppo a3s
0.8829,pwede po ba sa oppo a3s tanks,pwede po ba sa oppo a3s
0.8729,pwede po s vivo v7,pwede po ba sa vivo v5
0.8861,pwede po s vivo v7,compatible po ba to sa vivo v7
0.8711,pwede po s vivo v7,compatible po ba ito sa vivo v7
0.9224,pwede po s vivo v7,pwede po ba vivo v7 plus
0.8535,pwede po s vivo v7,pwede sa vivo v9
0.8530,pwede po bq ito sa iphone7plus,magconnect din ba xa sa iphone 7plus
0.8661,pwede po bq ito sa iphone7plus,puede po na ito sa iphone 6 plus
0.8830,pwede po bq ito sa iphone7plus,pwede ba to for iphone 7
0.8550,pwede po bq ito sa iphone7plus,pwede po ba ito sa iphone 5s
0.8574,pwede po bq ito sa iphone7plus,pwede po ba ito sa iphone 6
0.8501,pwede po bq ito sa iphone7plus,pwede b yan sa iphone6
0.8532,pwede po bq ito sa iphone7plus,pwede po ba iphone 6plus
0.8761,pwede po bq ito sa iphone7plus,pwede po ba ito sa 7inch plus phone
0.8851,pwede po ba to sa samsung and iphone 6,pwede po ba to sa iphone 6
0.8878,pwede po ba to sa samsung and iphone 6,pwede po ba ito sa iphone 6
0.8684,pwede po ba to sa samsung and iphone 6,pwede po ba sya sa iphone 6
0.8625,pwede po ba to sa samsung and iphone 6,how much and pwede ba ito sa iphone 6
0.8822,pwede po ba to sa samsung and iphone 6,pwede po ba yan sa iphone 6
0.8588,pwede po ba to sa samsung and iphone 6,pwede po ba to sa iphone 6 or samsung s7 edge
0.9289,pwede po ba to sa oppo f3,hi pwede po ba sa oppo f3
0.8691,pwede po ba to sa oppo f3,pwede po ba yan sa oppo f7
0.9871,pwede po ba to sa oppo f3,pwede po ba xa sa oppo f3
0.8571,pwede po ba to sa oppo f3,pwede po ba to sa oppo f1s
0.8708,pwede po ba to sa oppo f3,pwede po ba to sa oppo f7
0.8857,pwede po ba to sa oppo f3,pwede po sya sa f3
0.8549,pwede po ba to sa oppo f3,pwede po ba ito sa oppo a37f
0.8719,pwede po ba to sa oppo f3,pwede po ba yan sa oppo f5
0.8752,pwede po ba to sa oppo f3,pwede po ba to sa oppo f5
0.8537,pwede po ba to sa oppo f3,pwede po ba ito sa oppo f1s
0.8985,dalawa po ba to,dalawa bang pares yan
0.8981,may charger po ba,may kasama bang charger yan
0.8859,pwede po ba to sa samsung j7 2015 at samsung s5,pwede po ba sya sa samsung j5 2015
0.9828,available pa po ba,available pa po ba to
0.9642,available pa po ba,available parin ba ito
0.9559,available pa po ba,available pa rin po ba ito
0.9692,available pa po ba,available pa po ba ito
0.8962,available pa po ba,available pa po
0.8665,available pa po ba,hi available pa po ba ito
0.8610,malakas po ba yung tunog nito,malakas po ba to
0.8599,malakas po ba yung tunog nito,malakas ba bass nito
0.8855,mag kabo po yung shipping fee nito,magkanu po ba ung shipping fee
0.8514,pwede po ipair sa iphone 5,pwede po ba to sa iphone 6
0.9035,pwede po ipair sa iphone 5,pwede ba siya sa iphone5
0.8994,pwede po ipair sa iphone 5,pwede po ba to sa iphone 5s
0.8926,pwede po ipair sa iphone 5,pwede po ba ito sa iphone 5s
0.8517,pwede po ipair sa iphone 5,pwede po ba ito sa iphone 6
0.9222,pwede po ipair sa iphone 5,pwede po sa iphone 5s
0.9548,pwede po ipair sa iphone 5,pwede sa iphone 5
0.8660,pwede po ipair sa iphone 5,gagana po ba to sa iphone 5
0.8907,pwede po ipair sa iphone 5,pwede po siya sa iphone 5s
0.9206,pwede po ipair sa iphone 5,pwede ba sya sa iphone 5 po
0.8538,pwede po ipair sa iphone 5,pwedi po ba iphone 5
0.8941,pwede po ipair sa iphone 5,pwede poba iphone 5s
0.9406,pwede po ipair sa iphone 5,pwede po iphone 5
0.8752,pwede po ipair sa iphone 5,puwede yan sa iphone5s
0.9616,authentic po ba yan,authentic po ba ito
0.9155,may bayad po ba yung shipping,may shipping fee po ba
0.8991,may bayad po ba yung shipping,mayroon po bang charge sa delivery
0.9163,may bayad po ba yung shipping,magkanu po ba ung shipping fee
0.8560,free delivery po ba ito,wala bang free shipping
0.9816,free delivery po ba ito,free shipping po ba ito
0.8621,free delivery po ba ito,mmf free delivery po parin ba ito
0.9781,free delivery po ba ito,free shipping ba ito
0.8705,pwede po sa asus zenfone,pwede ba to sa asus zenfone 2
0.8951,pwede po sa asus zenfone,pwede po ba ito sa asus zenfone go
0.9202,pwede po sa asus zenfone,pwede po ba sa asus zenfone go
0.9051,hello po pwede po ba yan sa oppo a3,hi pwede po ba sya sa oppo a3s
0.8511,hello po pwede po ba yan sa oppo a3,pwede po ba to sa oppo a3s
0.8511,hello po pwede po ba yan sa oppo a3,pwede po ba sa oppo a3s yan
0.8997,hi therepede po ba yung earphone sa iphone 5s,hi pwde ba toh sah iphone 5s
0.8966,hi therepede po ba yung earphone sa iphone 5s,hello po pwd po ba ito sa iphone5
0.8871,pwede po b sxa sa asus zenfone 2 laser 50,asus zenfone laser 2 po pwede po ba siya
0.8693,pwede po b sxa sa asus zenfone 2 laser 50,pwede po ba ito sa asus zenfone 2 laser
0.9537,vivo y71 compatible po yan,sa vivo y71 compatible po
0.8961,vivo y71 compatible po yan,compatible pi ba to sa vivo y71
0.8989,how long ang charging time,how many hours yung charging time
0.8511,waterproof po ba ito,waterproof po ba talaga 2
0.8633,malhacan bulacan po ilang days,pag cebu po ilang days po ba
0.8727,malhacan bulacan po ilang days,ilang araw po pag malinta
0.8680,malhacan bulacan po ilang days,mga ilang araw po nakakaratng 2 pasay
0.9668,kapag may sira pwede ba ibalik,kapag po ba may sira pwede pong ibalik
0.8898,sure po bang kasama yung led watch,kasama po ba yung led watch
0.8783,free shipping po ba,wala bang free shipping
0.8617,free shipping po ba,sbi nla free shippinghndi naman
0.8511,pwedi din po bang cash on delivery,baka pwde nmn po to ma cash on delivery
0.8633,pwedi din po bang cash on delivery,pwd po ba cash on delivery
0.8666,buy 1 take 1 po to sure,buy 1 take 1 talaga
0.8644,pwede po ba to sa iphone 7 ko answer this please,pwede ba to for iphone 7
0.9161,pwd po sa samsung,pwd po ito sa samsung
0.9381,please p sagot nmn po ng question ko,pasagot naman po question ko pleaseee
0.9145,pwede po ba sa oppo,pwede po sya sa oppo
0.9237,pwede po ba sa oppo,pwede po ba sya sa oppo
0.8936,pwede po ba sa oppo,pwede po b yan s oppo
0.8849,pwede po ba sa oppo,pwede poba to sa oppo
0.8564,kala ko po ba buy 1 take 1 dalawang order po yung kinuha kodapat po 4pcs ang dadating pero 2pcs lang po ang ko pa ba yung another 2pcs kung hnd naibabalik ko na lang po yung item,umorder kame ng 2 buy 1 take 1 pero tumating 2 pcs lang dapat 4pcs yun tas ang binigay nmen n bayad e pang dalawang buy 1 take 1 so saan n punta yung 2pcs bakit kulang yung deliver nyo
0.8690,ano po yung price nya talaga,totoo po ba yan price nya
0.8857,ano po yung price nya talaga,yan po ba talaga yung price
0.8543,ano po yung price nya talaga,totoo ba to price nito
0.9785,matagal ba yan malowbat,matagal ba ito malowbat
0.9326,my fm b xa,my fm b
0.8951,my fm b xa,my fm po ba to
0.8729,ano size nito,gaano po kalaki ito
0.9701,ilang mah ang battery nito,ilang mah battery po nito
0.8829,how many hours po kaylngan r charge,how many hours yung charging time
0.8502,pano po balik ung isa,pano nga mag return
0.8732,pwede ba to mag connect sa laptop,pwede po ba sa laptop to
0.8517,pwede ba to mag connect sa laptop,pwede ba sya e connect sa pc
0.8542,pwede ba to mag connect sa laptop,pwede po ba yan sa laptop
0.8571,pwede ba to mag connect sa laptop,pwedi po ba i connect ito sa laptop na lenovo
0.8694,magkano po shipping fee dto sa isabela,magkano po yung shipping fee
0.8640,magkano po shipping fee dto sa isabela,magkano po ang shipping fee
0.9373,ano po bang ibang color na available,may ibang color ba na available
0.8985,ano po bang ibang color na available,may ibang color po kayo na available
0.8957,ano po bang ibang color na available,wala na po bang available na ibang color
0.8802,ano po bang ibang color na available,may ibang kulay po ba yan
0.8826,how to cancel this order,pano po mag cancel ng order
0.8705,rechargeable ba to,chargeable ba to
0.9441,san po mkikita yung voucher code nito,san pu makikita ang voucher code nito
0.8505,bakit wala pa order ko,hanggang ngayon wala pa din yung order ko
0.9293,bakit wala pa order ko,bakit hndi pa dumadating order ko
0.9701,bakit wala pa order ko,bakit po kaya wala pa ang order ko
0.9377,bakit wala pa order ko,bakit po hanggang ngayon wala pa yung order ko
0.9464,may kulay black po ba,meron ba color black nito
0.8629,may kulay black po ba,wala bang color black nito
0.8746,may kulay black po ba,wala po bang black
0.8579,avail pa po bha,avail papo ba
0.8900,avail pa po bha,avail pa poh
0.8612,avail paba to,avail papo ba
0.9069,pwede po ba sya gamitin habang nakacharge,pwede po ba syang gamitin kahit naka charge
0.8670,bakit mabilis syang ma lowbat,bakit ang bilis bilis nia uminit
0.8701,ilang days po bago makarating sa tuguegarao cagayan,ilang day po bago makarating sa caloocan
0.8754,mga ilang araw po makakarating to antipolo,mga ilang araw po makakarating ung item to antipolo
0.8961,available pa po ba ang color pink,available pa po ba color red
0.8552,available pa po ba ang color pink,may ibang color ba na available
0.8610,ilang araw pag sa bulacan,mga ilang araw po nakakaratng 2 pasay
0.9506,available ba ung black,may available ba na black
0.8904,nagana po ba sa vivo 7,pwde po ba siya sa vivo 7
0.8839,nagana po ba sa vivo 7,fit po ba sa vivo7
0.8940,pwede po ba siya sa oppo a37,pwede po ba sa opo a37 ito
0.9028,pwede po ba siya sa oppo a37,pwede ba sa oppo a37f
0.8601,pwede po ba siya sa oppo a37,compatible po ba sya sa oppo a37f
0.8765,pwede po ba siya sa oppo a37,hi pwede po ba sya sa oppo a3s
0.8639,pwede po ba siya sa oppo a37,pwede po ba to sa oppo a3s
0.9090,pwede po ba siya sa oppo a37,pwede po sa oppo a37 yan
0.8995,pwede po ba siya sa oppo a37,pwede po siya sa oppo a7
0.9382,pwede po ba siya sa oppo a37,pwede po ba yan sa oppo a37
0.9174,pwede po ba siya sa oppo a37,pwede po ba ito sa oppo a37f
0.8745,pwede po ba siya sa oppo a37,pwede po ba ito sa oppo a3s
0.8560,pwede po ba siya sa oppo a37,pwede po ba sa oppo a3s
0.9286,pwede po ba siya sa oppo a37,pwede po ba sya sa oppo a3
0.8816,compatible din po ba to sa asus zenfone 3max,compatible po ba to sa asus zenfone 3 max 55
0.8671,pwde po ba ito sa vivo y91,pwede po ba siya sa vivo y91
0.9605,pwde po ba ito sa vivo y91,pede po ba to sa vivo y91
0.9265,pwede po ba ito sa xiaomi redmi 6,pwede po ba yan sa xiaomi redmi 4x
0.8536,pwede po ba ito sa xiaomi redmi 6,pwede ba to sa xiaomi 5 plus
0.8645,pwede po ba ito sa xiaomi redmi 6,xiaomi redmi 4x pwede po ba
0.9090,pwede po ba ito sa xiaomi redmi 6,pwede po ba ito sa xiaomi 6a
0.8885,pwede po ba ito sa xiaomi redmi 6,pwede ba yan sa xiaomi redmi note 5a
0.8874,is this available,is this available pa po
0.8634,is this available,available pa po ba to
0.8679,is this available,available parin ba ito
0.8782,is this available,available pa po ba ito
0.8691,compatible po ba ito sa vivo y53,compatible ba ito sa vivo y81
0.8907,compatible po ba ito sa vivo y53,compatible po ba ito sa vivo v3
0.9716,compatible po ba ito sa vivo y53,hi compatible po ba ito sa vivo y53
0.8919,compatible po ba ito sa vivo y53,vivo y53 compatible po ba
0.9462,compatible po ba ito sa vivo y53,compatible po ba yan sa vivoy53
0.9567,compatible po ba ito sa vivo y53,hi compatible ba sa vivo y53
0.9433,compatible po ba ito sa vivo y53,compatible po ba ito sa cellphone vivo y53
0.8966,compatible po ba ito sa vivo y53,compatible poba ito sa vivo y53 ty
0.8764,compatible po ba ito sa vivo y53,compatible po ba to sa vivoy55
0.9834,compatible po ba ito sa vivo y53,compatible po ba to sa vivo y53
0.8804,compatible po ba ito sa vivo y53,pwede ba to sa vivo y53
0.8680,compatible po ba ito sa vivo y53,pwede po ba to sa vivo y53
0.8672,compatible po ba ito sa vivo y53,pwede po ba yan sa vivo y53
0.8822,compatible po ba ito sa vivo y53,pwede po ba ito sa vivo y53
0.9301,compatible po ba sa samsung j7 pro,compatible po ba sa j7 pro
0.8804,compatible po ba sa samsung j7 pro,compatible po ba to sa samsung j7 prime thanks
0.8545,compatible po ba sa samsung j7 pro,hello compatible ba to sa j7 pro
0.8605,compatible po ba sa samsung j7 pro,is this compatible po sa samsung j7 core
0.9206,compatible po ba sa samsung j7 pro,compatible po ba ito sa samsung j7 prime
0.9476,compatible po ba sa samsung j7 pro,compatible ba sa samsung j7 prime
0.9206,compatible po ba sa samsung j7 pro,compatible ba ito sa samsung j7 prime
0.8545,compatible po ba sa samsung j7 pro,compatible po ba to sa samsung j2 prime
0.8670,compatible po ba sa samsung j7 pro,pede po ba ito sa samsung j7 prime
0.8643,compatible po ba sa samsung j7 pro,pwede po ba to sa samsung j7 prime
0.9204,compatible po ba sa samsung j7 pro,compatible po ba to sa j7 pro
0.8621,compatible po ba sa samsung j7 pro,pwede po ba sa samsung j7 prime
0.9280,compatible po ba sa samsung j7 pro,gagana ba to sa samsung j7 pro
0.8699,compatible po ba sa samsung j7 pro,pwede ba to sa samsung j7prime
0.9157,compatible po ba sa samsung j7 pro,pwd po ba sya sa samsung j7 pro
0.9057,compatible po ba sa samsung j7 pro,pwede ba po yan sa samsung j7 pro
0.8956,compatible po ba sa samsung j7 pro,compatible po ba sya sa j7 pro
0.8689,compatible po ba sa samsung j7 pro,pwede ba to sa samsung j7 prime
0.9563,compatible po ba sa samsung j7 pro,compatible po ba to sa samsung j7 prrime
0.8708,compatible po ba sa samsung j7 pro,compatible ba to sa j7 prime
0.9464,compatible po ba sa samsung j7 pro,compatible po ba sa samsung j7pro
0.8671,compatible po ba sa samsung j7 pro,pwede po sa samsung j7pro
0.8754,good day puede po bacito sa samsung j7 2016,pde po ba to samsung j7 2016
0.8500,good day puede po bacito sa samsung j7 2016,pwede po yan sa samsung j7 2016
0.9087,please answer po puede ba ito sa samsung j7 2016,pwede po yan sa samsung j7 2016
0.9547,compatible po ba ito sa honor 8x,fit ba yan sa honor 8x
0.8547,compatible po ba ito sa honor 8x,pede ba siya sa honor 8x
0.8922,pwede ba to sa f9,pwedep po ba to sa s9
0.9223,pwede ba to sa f9,pwede po ba sya sa oppo f9
0.8562,pwede ba to sa f9,pwede ba to sa note9
0.9409,pwede ba to sa f9,pwede po ba yan sa oppo f9
0.9409,pwede ba to sa f9,pwede ba to sa oppo f9
0.8538,pwede ba to sa f9,pwede po ba yan sa oppo f5
0.8520,pwede ba to sa f9,pwede po ba to sa oppo f5
0.9129,gagana po ba ito sa tv na may usb slot,pwede po ba ito sa led tv na may usb slot
0.8513,compatible sa samsung galaxy j7 core,is this compatible po sa samsung j7 core
0.8529,compatible sa samsung galaxy j7 core,compatible to samsung galaxy j7 2015
0.8966,compatible sa samsung galaxy j7 core,compatinble to samsung j7 core
0.8659,compatible ba sya sa samsung note 5 thanks,compatible ba to sa samsung galaxy note 5
0.8533,pwede po b yan lagyan ng movie pr mapanood s smart tv,pwede sa smart tv to para sa mga movies
0.8671,hi po ask ko lang po kung pwede rin po ito for android,hi ask ko lng kung makakaprint ba to gamit ang android phone
0.8835,kelan po uli magkakaron ng stock to,kelan magkakaron ng stock
0.8605,type c po ba,pede po sa type c
0.8806,type c po ba,for type c po ba
0.8661,type c po ba,type c po ba ito
0.8703,helo po compatible po to sa p20 na phone,compatible ba to sa huawei p20
0.8561,compatible po buh ito sa xiaomi note 4,compatible poba ito sa xioami redmi note 4x ko
0.9070,compatible po buh ito sa xiaomi note 4,pwd po ba ito sa xiaomi note 4
0.8696,compatible po ba ito sa huawei y6 2015 tsaka sa huawei nova 2i,compatible po ba ito sa huawei nova2i
0.8658,compatible po ba ito sa huawei y6 2015 tsaka sa huawei nova 2i,compatible ba sya sa huawei nova 2i
0.8948,pwedi po ba ito sa oppo f1s,compatible po ba ito sa oppo f1s
0.9224,pwedi po ba ito sa oppo f1s,pwede po ba to sa oppo f1s
0.8603,pwedi po ba ito sa oppo f1s,pwede b cia sa oppo f1s
0.9516,pwedi po ba ito sa oppo f1s,pwedi po ba to sa oppo f1s
0.9269,pwedi po ba ito sa oppo f1s,pwede po ba ito sa oppo f1s
0.8687,compatible po ba 2 sa samsung note 4,pede po ba sa samsung note 4 2
0.9587,pwede po ba ito sa mi redmi 5 plus,pwede ba to sa redmi 5 plus
0.8704,pwede po ba ito sa mi redmi 5 plus,kaya ba redmi 5 plus
0.8640,good day pwede ba ito sa sony xperia xa ultra tnx,hi pwede ba to sa sony xperia xa ultra
0.8657,pwede po b dawnlodan ito ng mga movies para s tv,pwede po ba to sa tv pang nood ng movie
0.8764,pwede po b dawnlodan ito ng mga movies para s tv,pwede ba ito xa tv para manood ng movie
0.8597,pwede po ba siya sa tv or laptop,pwede po ba siya sa cellphone at computer
0.8603,pwede po ba siya sa tv or laptop,pwede ba to sa laptop or desktop pc
0.8689,is it compatible in oppo f9,compatible po ba siya sa oppo f5
0.8673,is it compatible in oppo f9,compatible po ba eto sa oppo f9thank you
0.8564,is it compatible in oppo f9,compatible ba to sa oppo f7
0.9641,is it compatible in oppo f9,compatible po ba sa oppo f9
0.8770,is it compatible in oppo f9,compatible po ba ito sa oppo f5
0.8636,is it compatible in oppo f9,pwede po ba sya sa oppo f9
0.8676,is it compatible in oppo f9,pwede po ba yan sa oppo f9
0.8898,is it compatible in oppo f9,pwede ba to sa oppo f9
0.9463,type c po ba ito na otg,type c po ba ito
0.8728,j7 core 2017 pwede ba to,pwede po ba to sa j7 core
0.8799,pwde po ba ito sa huawie nova3i,nagana po ba to sa huawei nova 3i
0.8532,pwde po ba ito sa huawie nova3i,pwede ba sa huawei nova 3i
0.8530,pwde po ba ito sa huawie nova3i,pwd po ba ito sa huawei nova 2i
0.8503,pwde po ba ito sa huawie nova3i,pwede po ba sa huawei nova 3i
0.9373,pwde po ba ito sa huawie nova3i,pwde po ba ito sa huawei nova3i
0.8644,pwde po ba ito sa huawie nova3i,pwede poba to sa huawei nova 3i
0.9129,pwde po ba ito sa huawie nova3i,pudi po ba ito sa huawei nova 3i
0.9320,pwede po ba to sa oppo a83 po,pwede po ba siya sa oppo a83
0.9746,pwede po ba to sa oppo a83 po,pwede po ba ito sa oppo a83
0.8606,pwede po ba to sa oppo a83 po,pwede po ba sya sa oppo a3
0.9160,pki cancel po ng order ko,cancelled ko nalang po ung order ko
0.8572,pwde ba yn sa oppo a71,pwede ba to sa oppo a71
0.8679,pwde ba yn sa oppo a71,pwede po sa oppo a71 yan
0.8540,pwde ba yn sa oppo a71,oppo a71 po pwede
0.8569,pwde ba yn sa oppo a71,pwede ba sa oppo a71
0.8822,pwde ba yn sa oppo a71,sa oppo a71 po kasya ba ito
0.9274,pwede po ba sa samsung j2 to,comptaible po ba ito sa samsung j2
0.8665,pwede po ba sa samsung j2 to,pwede po ba to sa j8 samsung
0.9237,pwede po ba sa samsung j2 to,pwede kaya to sa samsung galaxy j2
0.9867,pwede po ba sa samsung j2 to,pwede po ba sa samsung j2 yan
0.9811,pwede po ba sa samsung j2 to,pwede po ba yan sa samsung j2
0.8794,pwede po ba sa samsung j2 to,pwede po sa samsung j2 prime
0.9130,pwede po ba sa samsung j2 to,pwede po ba to sa samsung j2 prime
0.9226,pwede po ba sa samsung j2 to,pwdi po ba yan sa samsung j2
0.8506,pwede po ba sa samsung j2 to,pwede ba ito sa j2 ug j4 samsung
0.8956,pwede po ba sa samsung j2 to,pwede po ba to samsung 7j
0.8574,pwede po ba sa samsung j2 to,pwede po ba to sa samsung j4
0.8762,pwede po ba sa samsung j2 to,pwede po ba sa sa samsungj1
0.8637,pwede po ba sa samsung j2 to,pwede po ba ito sa samsung j1 ask lng
0.8587,pwdy po b to sa vivo v7,vivo v7 pede po
0.8979,hi po compatible po ba to sa j7 pro2017,compatible po ba to sa j7 pro
0.8788,hi po compatible po ba to sa j7 pro2017,compatible po ba sya sa j7 pro
0.9001,compatible poba to sa samsung j2 primr,compatible po ba to sa samsung j2 prime
0.9025,compatible poba to sa samsung j2 primr,compatible poba sya sa samsung j2 prime asap ty
0.8729,pwede po ba to sa oppoa3s,pwede rin po ba sa oppo a3s
0.9189,pwede po ba to sa oppoa3s,pwede po ba to sa oppo a3s
0.8987,pwede po ba to sa oppoa3s,pwede po ba sa oppo a3s yan
0.8642,pwede po ba to sa oppoa3s,pwede po ba oppo a3s
0.8700,pwede po ba to sa oppoa3s,pwede po sa oppo a3s
0.8638,pwede po ba to sa oppoa3s,allowed po ba ito sa oppo a3s
0.9213,pwede po ba to sa oppoa3s,pwede po ba ito sa oppo a3s
0.8996,pwede po ba to sa oppoa3s,pwede po ba sa oppo a3s
0.8823,pwede po ba to sa oppoa3s,pwede po ba sya sa oppo a3
0.8735,compatible po ba to sa s7edge,compatible po ba to sa s7 edge
0.8531,compatible po ba to sa s7edge,compatible po ba sa j7prime
0.8642,compatible po ba to sa s7edge,compatible po ba sa s7 edge
0.8768,compatible po ba to sa vivo v5plus,compatible po ba to sa vivo v7
0.9247,compatible po ba to sa vivo v5plus,compatible po ba sya sa vivo v5
0.8547,compatible po ba to sa vivo v5plus,compatible po ba to sa vivoy55
0.8651,compatible po ba to sa vivo v5plus,compatible po ba ito sa vivo v7
0.8884,maamsir pwede po ba to sa cherry mobile flare a1,puwede po ba to sa cherry mobile flare a3
0.8771,pwede posa samsung j2 prime,compatible po ba to sa samsung j2 prime
0.9614,pwede posa samsung j2 prime,pwede po sa samsung j2 prime
0.9128,pwede posa samsung j2 prime,pwede po ba to sa samsung j2 prime
0.8565,pwede posa samsung j2 prime,clarify ko lang pwede sa samsung j2 prime
0.8769,pwede posa samsung j2 prime,pede po ba sa samsung j2 pro
0.9057,pwede posa samsung j2 prime,pede po ito sa samsung j2 prime
0.8750,pwede po ba ito sa samsung s6 edge ko,pwede po ba yan sa samsung galaxy s7 edge
0.8665,pwede po ba ito sa samsung s6 edge ko,pwede po ba to sa iphone 6 or samsung s7 edge
0.8624,compatible po ba sa sony xperia xa,compatible po ba sa sony xa ultra
0.8510,compatible po ba sa sony xperia xa,sony xa compatible po ba
0.8594,compatible b to sa oppo f5 youth,compatible ba to s oppo f5 phone
0.9153,pwede na ba idirect yan sa usb ng tv para manuod ng movie,pwede ba gamitin sa tv yung usb to watch movie
0.8565,pwede na ba idirect yan sa usb ng tv para manuod ng movie,pwede pi ba ito sa tv para mka panuod ng movie gmit nito
0.8559,pwede na ba idirect yan sa usb ng tv para manuod ng movie,pwede ba ito xa tv para manood ng movie
0.8795,compatible po ba sya sa any iphone brand,compatible po ba sya sa any brand ng laptop
0.9552,compatible po b ito sa oppo f7,compatible ba to sa oppo f7
0.8514,compatible po b ito sa oppo f7,hello compatible ba ito sa oppo f5
0.8699,compatible po b ito sa oppo f7,compatible po ba ito sa oppo a57
0.8530,compatible po b ito sa oppo f7,compatible po ba sya sa oppo a57
0.8722,compatible po b ito sa oppo f7,compatible po ba sa oppo f9
0.9251,compatible po b ito sa oppo f7,compatible ba ito sa oppo f7 phone
0.8753,compatible po b ito sa oppo f7,compatible po ba ito sa oppo f5
0.8918,compatible po b ito sa oppo f7,fit po ba to sa oppo f7
0.8557,compatible po ba ito sa huawie y6ii,compatible po ba ito sa huawei g6
0.8565,compatible po ba ito sa huawie y6ii,pwede poba ito sa huawei y6
0.8575,compatible po ba ito sa huawie y6ii,pwede po ba sa huawei y6ii
0.8815,compatible po ba sa oppoa71,compatible pa sya sa oppo a71
0.8626,compatible po ba to sa huawei p20 lite,pwede po ba to sa huawei p20 lite type c po ba to
0.8880,compatible po ba to sa huawei p20 lite,hi compatible ba to sa huawei p20 lite thanks
0.8838,compatible po ba to sa huawei p20 lite,compatible po ba huawei p20pro
0.9626,compatible po ba to sa huawei p20 lite,compatible ba to sa huawei p20
0.9041,compatible po ba to sa huawei p20 lite,hi compatible ba sya sa huawei p20 lite thanks
0.9164,compatible po ba to sa huawei p20 lite,pwede po ba 2 sa huawei p20 lite
0.8600,compatible po ba to sa huawei p20 lite,compatible po sa huawei p20 pro anong available colors
0.8691,hi pwede po ba to sa smart tv,pwe po ba ito sa tcl smart tv
0.8917,hi pwede po ba to sa smart tv,puede b to sa smart tv
0.8536,hi pwede po ba to sa smart tv,pwede po ba to sa mga smart tv 55
0.8729,may any color po ba nito,meron ba color black nito
0.8712,may any color po ba nito,may ibang color ba na available
0.9271,may any color po ba nito,may ibang kulay po ba yan
0.9181,hi gagana po ba sya sa tv,gagana po ba ito sa tv
0.9616,pwede po ba ito sa vivo v5 lite,pwede po ba ito sa vivo v5
0.8746,pwede po ba ito sa vivo v5 lite,pwedw ba sya sa vivo v5
0.8663,pwede po ba ito sa vivo v5 lite,puwede po ba yan sa vivo v9
0.8786,pwede po ba ito sa vivo v5 lite,compatible po ba sya sa vivo v5
0.9448,pwede po ba ito sa vivo v5 lite,pwede po ba to sa v5 lite
0.9313,pwede po ba ito sa vivo v5 lite,pwede po ba sa sya sa vivo v5
0.9275,pwede po ba ito sa vivo v5 lite,pwede po ba ito sa vivo v5s
0.8569,pwede po ba ito sa vivo v5 lite,pwede po ba ito sa vivoy55
0.8718,pwede po ba ito sa vivo v5 lite,pwede po ba ito sa vivo v9
0.9592,pwede po ba ito sa j7pro,pwede ba sya sa j7pro
0.8976,pwd po ba ito sa asus zenfone4 maxlite,compatible po ba ito sa asus zenfone 4 max
0.8526,pwd po ba ito sa asus zenfone4 maxlite,pwede po ito sa asus zenfone 4max
0.8607,is it compatible to samsung j7 prime kasi po yung isang design na sandisk din hindi maread sa j7 prime eh,compatible ba sa samsung j7 prime
0.8824,is it compatible to samsung j7 prime kasi po yung isang design na sandisk din hindi maread sa j7 prime eh,compatible ba ito sa samsung j7 prime
0.8723,ok ba to sa oppo a37,pwede po sa oppo a37 yan
0.8678,ok ba to sa oppo a37,pwede po ba yan sa oppo a37
0.8985,pwede ba to sa bootable os para sa laptop or pc,pwede ba to sa laptop or desktop pc
0.8567,good eve applicable po ba sya sa vivo v7,compatible po ba to sa vivo v7
0.8600,good eve applicable po ba sya sa vivo v7,compatible po ba ito sa vivo v7
0.8551,good morning compatible po ba ito sa xiaomi redmi note 4 thank you po,hello po is this compatible with the newly released mobile phone xiaomi redmi note 5 thank you po
0.8738,nagana po ba sa oppo f1,pwedi po ba to sa oppo f1s
0.9259,ang tagal po nang order ko3days ang nakkalipas wala arin po paano po i cancel ang order po,bakit po ang tagal ng order ko3 days na po wala parin po paano po i cancel ang order
0.9225,pwde po b to sa iphone,pwde po ba sa iphone
0.9360,pwde po b to sa iphone,pwde po ba to sa iphone
0.8622,pwde po b to sa iphone,pwede b sa iphone
0.9044,pwde po b to sa iphone,pede ba to sa iphone se
0.9428,pwde po b to sa iphone,pwdi b po ito iphone
0.8744,mag kano yung 64 gb nyan,may 64gb po nito
0.8871,pwede po ba to sa samsung note 4,hipwede ho ba ito sa samsung note 3
0.8784,pwede po ba to sa samsung note 4,samsung note 9 pwede ba ito
0.8564,pwede po ba to sa samsung note 4,pwede po ba sa samsung j4
0.8678,pwede po ba to sa samsung note 4,pwede po ba to sa samsung j4
0.8629,pwede po ba to sa samsung note 4,pwede sa samsung note 3
0.8707,pwede po ba to sa samsung note 4,pede po ba sa samsung note 4 2
0.8652,compatible po b sa mga tv,compatible po ba ito sa tv
0.8850,compatible ba ito sa oppo thank you,compatible po ba yan sa oppo
0.8597,compatible ba ito sa oppo thank you,hi compatible po ba yan sa oppo
0.8688,compatible ba ito sa oppo thank you,is this compatible for oppo
0.8975,compatible ba ito sa oppo thank you,compatible po ba ito sa oppo a39 thank you
0.8568,compatible ba ito sa oppo thank you,compatible po ba sa oppo a3s thanks
0.8763,compatible ba ito sa oppo thank you,compatible po ba ito sa aking oppo a3s thank you
0.8750,compatible po ito s j2 primety,compatible po ba ito sa j2 primety
0.9072,compatible po ba ito sa j2 prime,compatible po ba to sa samsung j2 prime
0.8556,compatible po ba ito sa j2 prime,pwede po ba to sa samsung j2 prime
0.8506,compatible po ba ito sa j2 prime,compatible po ba sya sa j7 pro
0.8722,compatible po ba ito sa j2 prime,compatible ba to sa j7 prime
0.9357,compatible po ba to sa vivo,compatible po ba 2 sa vivo
0.8613,compatible po ba to sa vivo,compatible po ba ito sa vivo phone
0.8606,compatible po ba to sa vivo,compatible po ba sya sa vivo v5
0.8548,compatible po ba to sa vivo,compatible po ba to sa vivoy55
0.8895,may 64gb po ba nito,may 16gb po ba nito
0.9601,may 64gb po ba nito,may 64gb po nito
0.8627,ilang days bago ma ship,ilang days ang shipping
0.8916,compatible po ba ito sa sony,sony xa compatible po ba
0.8587,compatible po ba for oppo a37,compatible po b with oppo a3s
0.8935,compatible po ba for oppo a37,mamsir compatible po cia sa oppo a37
0.8570,mabigat po ba,malakas po ba
0.8725,pwede sa ipad or sa mobile phone,pwede ba to sa iphone at ipad
0.9252,ang tagal po nung order ko huhu,tagal ng order ko
0.8509,pwede ba siya sa vivo phone,compatible po ba ito sa vivo phone
0.9489,pwede ba siya sa vivo phone,pwede po ba ito sa vivo phone
0.8539,pwede ba siya sa vivo phone,pwede po ba sa sya sa vivo v5
0.8571,pwede po ba isaksak sa lahat na tv,pwede ba sya kahit saang tv
0.8683,bakit po hindi relo yung natanggap ko,bakit wala resibo un akin khpun
0.8978,samsung s7 edge compatible po ba,compatible ba sa samsung s7 edge
0.9646,pwede po ba sya sa bluetooth speaker,pwede po ba ito sa bluetooth speaker
0.8572,pwede po ba sya sa bluetooth speaker,yung speaker po ba bluetooth narin sya
0.9803,compatible po b to s myphone myt1 dtv,compatible po b s myphone myt1 dtv
0.9035,capable po vah to sa smart tv,puede b to sa smart tv
0.9011,authentic ba to,authentic po ba
0.8569,bkit po gng ngaun wla pa ung order ko,sirmaam hindi pa po dmating ang order ko
0.8749,bkit po gng ngaun wla pa ung order ko,wla pa rin ung order ko
0.8781,compatible ba ito sa huawei p9,compatible po ba ito sa huawei g6
0.8731,pwede po ba ito gamitin sa dvd player,pwede po ba mgplay ng dvd movie dto sa player
0.8910,pwde po ba to sa vivo y71,pwede ba sa vivo y71
0.8576,pwde po ba to sa vivo y71,pwd po ba yan sa vivo y51
0.8679,pwde po ba to sa vivo y71,sa vivo y71 po
0.8920,pwde po ba to sa vivo y71,pwede po ba sa vivo y71
0.8715,pwde po ba to sa vivo y71,pwede poba ito sa vivo y71
0.8837,pwede sa laptop,pwede po ito sa laptops
0.9707,pwede sa laptop,pwede to sa laptop
0.8883,pwede sa laptop,pwede po ba sa laptop to
0.8679,pwede sa laptop,pwede po ba yan sa laptop
0.8912,pano po mkapag avail nang free shipping,pano b masasabi n free shipping
0.8710,comptble po b eto sa huawei nova 2i,pwede sa huawei nova 2i
0.8826,comptble po b eto sa huawei nova 2i,for huawei nova 2i
0.8603,comptble po b eto sa huawei nova 2i,pwd po ba ito sa huawei nova 2i
0.8698,comptble po b eto sa huawei nova 2i,huawei nova 2 lite kasya po ba
0.9227,comptble po b eto sa huawei nova 2i,pwed ba sa huawei nova 2i
0.9067,comptble po b eto sa huawei nova 2i,pwde to sa huawei nova 2i ty
0.8842,gagana po ba to sa vivo phone,pwede po ba ito sa vivo phone
0.8792,pde po b yan sa samsung note 2,pede po ba sa samsung note 4 2
0.8947,original poba yan,original po b yan
0.8653,pwede po ba to sa galaxy note 3,hipwede ho ba ito sa samsung note 3
0.9355,meron ba for iphone 7,pwede ba to for iphone 7
0.8611,meron ba for iphone 7,perfect po ba sa iphone 7 ito
0.9009,pwede ba sa vivo69,pwede po ba sya sa vivo y69
0.8804,pwede ba sa vivo69,pwede po ba sya vivo y69
0.9724,cash on delivery bah to,cash on delivery ba to
0.9087,available paba to,available pa bo to
0.8703,available paba to,available p ba
0.9538,bakit tatalo ang pinadala sakin ang order ko ay 5 and ang binayadan ko din namana ay for 5 pcs paano ko makukuha yung remaining 2 items,bakit 3 lang ang pinadala sakin ang order ko ay 5 and ang binayadan ko din naman ay for 5 pcs paano ko makukuha yung remaining 2 items
0.9547,pwede po ba ito sa oppo a71,pwede po sa oppo a71 yan
0.8965,pwede po ba ito sa oppo a71,pwede or kasya poba xa sa oppo a71
0.8838,pwede po ba ito sa oppo a71,oppo a71 po pwede
0.9592,pwede po ba ito sa oppo a71,pwede po ba sa a71 oppo
0.9720,pwede po ba ito sa oppo a71,pwede ba sa oppo a71
0.8757,pwede po ba ito sa oppo a71,sa oppo a71 po kasya ba ito
0.8777,pede po sa phone,pede sa cellphone
0.8715,bakit walang resibo nung umorder ako,bakit wala resibo un akin khpun
0.8744,magkano po ba talaga to,gaano kahaba po to
0.8515,magkano po ba talaga to,gaano po kalaki to
0.8657,magkano po ba talaga to,how much po yun
0.9498,pwede ba installment,pwede po ba to sa installment
0.9179,original jbl ba to,original jbl ba to sir
0.9382,original jbl ba to,orig jbl po ba
0.8581,saan po main store nyo,where po ang store nyo located sir
0.8718,how to avail the voucher po,how to avail installment po
0.9261,may cod po ba nito,meron po bng cod nito
0.9034,alin po mas malakas jbl go or ito po,ano po mas malakas jbl gogo 2 or etong go
0.8530,pwede po ba ito sa iphone 5s at xiaomi a1,pwede po ba to sa iphone 5s
0.8636,pwede po ba ito sa iphone 5s at xiaomi a1,pwede po ba ito sa iphone 5s
0.8827,pwede po ba siya gamitin sa pc salamat po,pwede po ba sya sa pc
0.9087,compatible ba to sa xiaomi redmi 5 plus,compatible po b sia sa xiaomi redmi5a
0.9305,compatible ba to sa xiaomi redmi 5 plus,pwede b sa xiaomi redmi 5 plus
0.8935,compatible ba to sa xiaomi redmi 5 plus,compatible sa redmi 5 plus
0.8645,pwede po ba siya sa samsung j7 prime,pwede po sa samsung j2 prime
0.9551,pwede po ba siya sa samsung j7 prime,pwede po ba sa samsung j7 prime
0.8856,pwede po ba siya sa samsung j7 prime,pwede po ba to sa samsung j2 prime
0.9018,pwede po ba siya sa samsung j7 prime,pwede ba to sa samsung j7prime
0.8856,pwede po ba siya sa samsung j7 prime,pwede po ba to sa samsung j5 prime
0.8546,pwede po ba siya sa samsung j7 prime,pwede ba sa j7 prime yan mam
0.8574,pwede po ba siya sa samsung j7 prime,pwede po ba sa samsung j7 core
0.8527,pwede po ba siya sa samsung j7 prime,pwede po aa j7 prime
0.8875,pwede po ba siya sa samsung j7 prime,pwd po ba sya sa samsung j7 pro
0.9015,pwede po ba siya sa samsung j7 prime,pwede ba po yan sa samsung j7 pro
0.8561,pwede po ba siya sa samsung j7 prime,pwede po ba to samsung 7j
0.9637,pwede po ba siya sa samsung j7 prime,pwede ba to sa samsung j7 prime
0.8530,pwede po ba sa vivo y53,pwede po bang pang vivo y55
0.9836,pwede po ba sa vivo y53,pwede ba to sa vivo y53
0.9133,pwede po ba sa vivo y53,pwede po ba yan sa vivoy53
0.9882,pwede po ba sa vivo y53,pwede po ba to sa vivo y53
0.8773,pwede po ba sa vivo y53,pwedi po ba sa vivo y53
0.9462,pwede po ba sa vivo y53,pwede sa vivo y53
0.9710,pwede po ba sa vivo y53,pwede po ba yan sa vivo y53
0.9699,pwede po ba sa vivo y53,pwede po ba ito sa vivo y53
0.9660,pwede po ba sa vivo y53,pwede to sa vivo y53
0.8645,pwede po ba sa vivo y53,pwede po ba to sa vivo y55s
0.8528,pwede po ba sa vivo y53,pde po ba ito vivo y53
0.8517,pwede po ba sa vivo y53,pedi po ba sa vivo y53
0.8508,pwede bang cash on delivery,pwede po ba cash on pick up
0.8730,compatible for iphone 4s,compatible sa iphone
0.8607,compatible for iphone 4s,compatible for iphonex
0.8553,compatible ba sa oppo f1s to,compatible po ba ito sa oppo f5
0.8625,compatible ba sa oppo f1s to,compatible poh baxah sa oppo f1s
0.8857,compatible ba sa oppo f1s to,is this compatible for oppo f1f
0.8779,orig po ba to ng bavin,original bavin ba ito
0.9336,orig ba to or class a,orig or class a
0.8821,orig ba to or class a,original po ba yan or class a
0.9148,orig ba to or class a,original ba yan or class a
0.8604,hi po pwede po ba ito sa iphone 4s,pwede po ba to sa iphone 6
0.8558,hi po pwede po ba ito sa iphone 4s,pwede ba siya sa iphone5
0.8748,hi po pwede po ba ito sa iphone 4s,pwede po ba to sa iphone 5s
0.8858,hi po pwede po ba ito sa iphone 4s,pwede po ba ito sa iphone 5s
0.9151,hi po pwede po ba ito sa iphone 4s,hi pwede ba ito sa iphone6
0.8742,hi po pwede po ba ito sa iphone 4s,pwede po ba ito sa iphone 6
0.8978,hi po pwede po ba ito sa iphone 4s,kasya po ba sya sa iphone 4s
0.8666,hi po pwede po ba ito sa iphone 4s,pwede po ba yan sa iphone 6
0.8592,hi po pwede po ba ito sa iphone 4s,hello po pwd po ba ito sa iphone5
0.9483,hi po pwede po ba ito sa iphone 4s,puwede ba ito sa iphone 4s
0.9619,hello if ordered todaytomorrow po possible na mareceive ko sya next week until friday san pedro laguna area thank you,hello if ordered todaytomorrow marereceive ba until next week friday san pedro laguna area thank you
0.8697,hello po pwede po ba ito sa asus zenfone 2,pwede po ba ito sa asus zenfone 2 laser
0.8529,ilan ba free shipping nyo,free shipping ba ito
0.9327,puede sa samsung s5,pwede po ba sya sa samsung s5
0.8884,puede sa samsung s5,pwede po ba ito sa samsung galaxy s5
0.8753,may kasama po ba itong songbook,may songbook ba xa
0.9266,may kasama po ba itong songbook,meron po bang songbook yan
0.8616,may kasama po ba itong songbook,may kasama pong songbook to
0.8818,may kasama po ba itong songbook,may ksama po ba tong songbook
0.9607,may kasama po ba itong songbook,may kasamang songbook po ba to
0.9300,may kasama po ba itong songbook,may songbook bang kasama
0.8535,hi po my usb port po pwede salpak ng usb,my usb port po ba ito
0.8572,hi po my usb port po pwede salpak ng usb,hello po may usb port po ba ito
0.8977,after ma order po ilang araw to bago ma deliver,pag nagorder ako ngaun mga ilang days kaya bago ma deliver
0.8995,ksma na po ba songbook ditoslmat po,may ksama po ba tong songbook
0.8914,may dala na po ba yung cord nyan,may kasama po bang cord
0.8852,may dala na po ba yung cord nyan,may kasama na po bang cord
0.9247,may dala na po ba yung cord nyan,may kasama na ba ito na cord
0.9184,may dala na po ba yung cord nyan,may cord na ba tong kasama
0.8622,may dala na po ba yung cord nyan,may kasama napo ba itong cable
0.8710,pwede b cya sa 220vol,pwede rin ba sa 220v yan
0.8899,gud am po pano kaya palitan ung inorder ko fukuda set hindi magana ung isang speaker saka nag iistock ung dvd,pano palitan ung inorder ko hindi nagana ung isang speaker saka nag iistock ung dvd
0.9079,may bluetooth po ba yun speaker saka sd card slot,may bluetooth po ba saka usbsd card slot yun speaker
0.8872,my songbook ba syang ksma,my song book nrin po ba yan
0.9027,kasama ba mic at dvd at speker,kasama ba mic at dvd player
0.8841,pwede ba mg play ng movie sa player,pwede po ba mgplay ng dvd movie dto sa player
0.9665,kulang po ung n deliver samin n order nmin 2 sets po ang order nmin at bnayaran pero 1sets lng po ang n deliversaan at paanu ko po ito maaauz,kulang po ung n deliver samin 2 sets po ang order nmin at bnayaran pero 1set lng po ang n deliver paanu at san ko po to pwedeng ayusin
0.8812,may song book ba na included,may kasama po bng song book to
0.8501,may song book ba na included,may kasama pong songbook to
0.8947,may song book ba na included,may kasamang songbook po ba to
0.8703,may song book ba na included,may songbook bang kasama
0.9425,meron pa po ba into ng january,meron pa po ba nito ng january
0.9372,ilang wattz po yung speaker nya,ilang watts yung speaker nia
0.8531,may stock na po ba nito ngayon,may stock pa ba
0.8704,may stock na po ba nito ngayon,may stock pa po ba kayo nito
0.9128,may stock na po ba nito ngayon,may stock na po ba nito
0.8717,may kasabay na po ba tlagang dvd player yan at may song book na rin po ba,kasama n po b ung cd at song book s dvd player
0.8695,compatible po ba to sa xiaomi phones,hi compatible po ba to sa xiaomi
0.8952,compatible po ba sya sa pc or laptops,pwede ba to sa laptop or desktop pc
0.9851,meron bang kulay puti,meron po ba kulay white
0.8597,meron bang kulay puti,may white ba kayo neto
0.8515,compatible po ba sya sa huawei 2i thank u,compatible ba sya sa huawei nova 2lite
0.8549,puede po b sya s iphne6plus,pwede po ba iphone 6plus
0.8697,hi compatible po ba sa iphone 5c,compatible po ba yan sa iphone 6
0.8617,hi compatible po ba sa iphone 5c,fit po ba sa iphone 5s to
0.8671,hi compatible po ba sa iphone 5c,compatible ba to sa iphone 6
0.8589,compatible po ba ito sa samsung j7 model 2015,compatible po ba to sa samsung j5
0.8716,pede poba sya sa samsung phone,pwede b sya sa samsung fone
0.9094,kailan po kaya uli mag sale,kelan kau ma sale ulit
0.9166,kailan po kaya uli mag sale,kelan ulit mag sale
0.9128,kailan po kaya uli mag sale,kelan po ulit yung sale
0.9705,may physical store po kayo,may physical store po ba kayo
0.9628,may physical store po kayo,meron ba kayong physical store
0.8934,may physical store po kayo,may physical store b kayo dito s palawan
0.9076,may physical store po kayo,may physical store po ba
0.8949,pwede po ba ito connect sa ps4,compatible po ba sya sa ps4
0.8927,chargejable ba to,chargeable ba to
0.8716,chargejable ba to,chargeable po ba to
0.9632,meron ba syang optical in,may optical in ba ito
0.8511,may usb ba ito,puede ba sa usb to
0.8502,may usb ba ito,hi meron ba itong kasamang usb cable
0.8543,compatible ga po ito sa vivo y85,compatible po ba to sa vivoy55
0.9455,pwede po ba to sa nova3i,pwede po ba sa nova 3i
0.8541,pwede po ba to sa nova3i,pwede po ba to sa nova 2i
0.8881,pede po ba sya sa ps4,compatible po ba sya sa ps4
0.8822,madami pa po kayo stock,meron pa po ba kayo stock
0.9122,included po ang charger,included po ba ang charger nito
0.9212,100 orig po ba,100 original po
0.8570,original po ba yano class a,original po ba ito o class a
0.9152,original po ba yano class a,original po ba yan or class a
0.8926,original po ba yano class a,original ba yan or class a
0.8560,pwede ba ma link ito sa isa pang speaker,pwede b i connect sa speaker ito
0.9089,pwede connect sa pc,pwede ba sya e connect sa pc
0.8558,ilang days ba yung delivery sa visayas area,ilang days po ang delivery taguig area
0.9486,okey salamat po,ok thank you po
0.8690,okey salamat po,ganda po salamat
0.8524,original po ba at brand new ito thanks,sir original ba at brand new ito
0.8564,bakit po mura lang siya,bakit mas mura po siya kesa sa iba
0.8650,pwede ba to sa phone huawei mate 20 to be exact thanks,pwede b to sa huawei mate 20 kasya kaya
0.8564,hi po may ibang kulay po ba kayo,may ibang color ba na available
0.8821,hi po may ibang kulay po ba kayo,may ibang color po kayo na available
0.8568,hi po may ibang kulay po ba kayo,may iba po kulay
0.8967,hi po may ibang kulay po ba kayo,may ibang kulay po ba yan
0.8853,legit jbl po,legit jbl po ba eto
0.8664,pwede po ba siya sa samsung a6,pwede po ba sya sa samsung s5
0.8923,wala ng ibang kulay,may ibang kulay
0.9029,wala ng ibang kulay,wala na po bang available na ibang color
0.8944,wala ng ibang kulay,may iba po kulay
0.9247,pwde to sa 5s,kasya ba to sa 5s
0.9095,may noise cancelling po ba to,may noise cancellation ba to
0.8518,pwd po ba yan sa cellphone,pwde po ba to sa iphone
0.8536,may color blue po,may color red po
0.8780,pwede poba sa ipad to,pwede po ba ito sa ipad
0.9737,compatible ba ito sa macbook,compatible po ba to sa macbook
0.8585,compatible ba ito sa macbook,pwede po ba sa macbook
0.8575,hi ask ko lang compatible po ba ito sa windows 10,compatible po ba ito sa windows 10
0.8621,may kasama po bang aux cable to,may kasama ba tong cable wire
0.8704,may kasama po bang aux cable to,may kasama po bang cable to ilan
0.8587,may kasama po bang aux cable to,may kasama napo ba itong cable
0.8810,pwede rin ba to sa kuryente natin,pewede rin ba sa electric to
0.9236,am fm po byan,am fm po ba
0.9215,di kuryente po ba ito,di kuryente din ba ito
0.9041,di kuryente po ba ito,pwedi ba to sa kuryente
0.9042,pwede po ba ma recharge,rechargeble po ba ito
0.9019,may am po ba toh,may am ba to
0.9298,meron n bang kasamang cord yan para sa kuryente,may kasama bang power cord yan
0.9444,fmmw so fm only because we do not tune in to mw here in the philipines,fmmw so basically its only fm because we dont tun in to mw here in the philippines
0.9891,ok tnx po,okay tnx po
0.9072,may stock naba,may stock po ba
0.9139,may red po ba na color,color red po meron
0.8989,may red po ba na color,color po red meron po
0.8716,may red po ba na color,may pink po ba
0.8507,hi is this legit jbl,hi original jbl po ito
0.8912,hi may blue color po ba,meron po kyo color blue
0.9231,twice na po ako nag follow ng order until now wala pa po,twice na po ako nag followup ng order ko pero until now wala po ung order ko
0.8523,orig ba to at pwede sa oppo f5,pwede po ba yan sa oppo f5
0.8587,orig ba to at pwede sa oppo f5,pwede po ba to sa oppo f5
0.8753,kyln po magkakaron ng black,kylan po kayp magkkastock ng black
0.8540,may active noise cancellation features ba ito,may active noise cancellation feature po ba to
0.8830,compatible po ba to sa any android device,compatible po ba to sa khit anong android phone
0.9438,compatible po ba to sa any android device,compatible po ba ito sa kahil anong android device
0.9182,compatible po ba to sa any android device,compatible ba to sa kahit anong android phone
0.9546,i placed my order for this item yesterday but just now that ive notice on my order details that it would prolly reach me on the 2nd week of february bat po ganun kala ko 3days lang to a week ang delivery time nyu since metro mnl lang din naman location ko,i placed my order for this item yesterday but just now ive notice on my order details that it would prolly be delivered to me on the 2nd week of february bat po ganun kala ko po 3days lang to a week delivery time nyu thanks po sa sasagot
0.8588,may pouch po ba na kasama to,may pouch po bang ksasas to
0.9517,may pouch po ba na kasama to,may kasama po bang pouch ito
0.8602,hi pwede po ba sa sa samsung a7 2018,hello po pwede po ba to sa samsung j8
0.8612,hi pwede po ba sa sa samsung a7 2018,pwede po ba sa samsung a7 2017
0.9586,hi pwede po ba sa sa samsung a7 2018,pwede po ba sa samsung a7 2018
0.9521,hi pwede po ba sa sa samsung a7 2018,pwede ba eto sa samsung a7 2018
0.8510,comparible po ba to sa samsung j5,pwede po ba to sa samsung j5 prime
0.8656,comparible po ba to sa samsung j5,pwede po ba sya sa samsung j5 2015
0.8761,gumagana po ba to sa samsung j7 plus,gagana ba to sa samsung j7 pro
0.8517,gumagana po ba to sa samsung j7 plus,pwede ba to sa samsung j7prime
0.8677,gumagana po ba to sa samsung j7 plus,pwede ba po yan sa samsung j7 pro
0.9550,compatible po ba ito with oppo f5 phone,compatible po ba ito sa oppo f5
0.8629,compatible po ba ito with oppo f5 phone,compatible ba ito sa oppo phones
0.8614,compatible po ba ito with oppo f5 phone,is this compatible for oppo f1f
0.9220,puede po ba cya sa cp,pwede ba to sa oppo na cp
0.8817,pwede convert ciss,pwede po ba i convert sa ciss
0.8597,pwede convert ciss,pwede po ba ito ipaconvert to ciss
0.8657,pwede convert ciss,pwd po ma convert ng ciss
0.8735,pwede ba x sa windows 7,pwede po ba to sa acer windows 7
0.8594,pwede ba x sa windows 7,compatible po ba ito sa windows 7
0.8531,pwede ba x sa windows 7,pwede po ba siya sa windows xp
0.8507,pwede ba x sa windows 7,pwede po ba ang windows 8
0.8881,pagkabili po ba mdali uboas ang ink,san po mkbili ng ink
0.8829,refillable po b ang ink,refillable ba ang ink
0.8845,refillable po b ang ink,refillable na po yung ink nito
0.8625,refillable po b ang ink,refillable po b ink
0.8945,refillable po b ang ink,refillable po yung ink nya
0.8501,continous ink naba,continuous ink po ba
0.9520,compatible po ba yan sa samsung chrome book,compatible po ba to sa samsung chromebook
0.9273,compatible po ba yan sa samsung chrome book,compatible po ba ito sa sumsung chromebook
0.8735,compatible po ba yan sa samsung chrome book,pede po ba to sa samsung chromebook
0.9259,pwede po ba magprint sa photopaper,pwede po ba to sa photopaper
0.9061,pwede po ba magprint sa photopaper,pwede po ba ito sa photo paper
0.8508,pwede po ba magprint sa photopaper,pwede ba to sa photo paper d ba mg fade ang kulay
0.9744,ano po ink nya,ano pong ink nito
0.8582,ano po ink nya,anong ink po ang gamit dto
0.8558,ano po ink nya,magkano po ang ink nito
0.9314,ano po ink nya,anu ink nito
0.9152,ano po ink nya,ano po ink nia
0.8740,ano po ink nya,anong ink po gamit dito
0.8538,ano po ink nya,ano bang ink nya mahal po ba
0.9687,ano po ink nya,anu po ang ink nito
0.8990,may borderless printing po ba ito,borderless printing ba sya
0.8944,hi po pwede po ba ipa convert ito sa continuous ink,pwede po e convert to continuous ink
0.8988,anong kind po ng ink kailangan dito,anong ink po gamit dito
0.8702,refillable po ba ang cartridge nito,narerefill ba yung cartridge
0.8530,refillable po ba ang cartridge nito,na rerefill ba yung cartridge
0.8545,refillable po ba ang cartridge nito,may kasama ng cartridge pwede bang i refill yun
0.8925,pwede po ba sya sa windows 10,compatible po ba sya sa windows 10
0.8522,pwede po ba sya sa windows 10,compatible ba sa windows 10
0.8899,pwede po ba sya sa windows 10,compatible ba sya sa windows 10
0.8750,pwede po ba sya sa windows 10,pwede windows 10
0.8767,pwede po ba sya sa windows 10,compatible po ba ito sa windows 10
0.9331,pwede po ba sya sa windows 10,pwede po ba siya sa laptop na windows 10
0.8698,pwede po ba sya sa windows 10,pwede po ba ang windows 8
0.8636,pwede po ba sya sa windows 10,pwd po ba sa windows 10
0.9016,pwede po ba sya sa windows 10,pede po ba to sa windows 10
0.9745,pwede po ba sya sa windows 10,pwede po ba sa windows 10
0.9000,pwede po ba sya sa windows 10,pwede po ba to sa laptop na windows 10
0.8731,may kasama na ink to,may ink ba tong kasama
0.8835,may kasama na ink to,may kasama napo bang ink
0.9112,may kasama na ink to,may ink na po bang kasama to
0.9486,may kasama na ink to,may kasama na pong ink
0.9171,may kasama na ink to,may kasama na bang ink
0.8516,may kasama na ink to,may ink na po ba eto kasama
0.9523,hello po my order po kc ko nito tanung ko lang po sana kung pwede mg xerox ng long itong canon mg3070s thanks,hello po my order po kc ko nito tanung ko lang po sana kung pwede mg xerox ng long bond paper itong canon mg3070s thanks
0.8844,continuous ink poba ito,continuous ink na po sya
0.8600,continuous ink poba ito,continuos ink napo ba ito
0.9572,continuous ink poba ito,continuous ink po b ito
0.8761,pwede ba to ipacontinous ink,pwede po bang pigment ink
0.9247,pwede irefill dito universal dye ink thankyou,pwede dito irefill universal dye ink
0.8556,san nakakabili ng ink neto,san po mkbili ng ink
0.8589,ano po ang ink nito cartridge po ba,may ink cartridge na po ba ito
0.8897,ano po ang ink nito cartridge po ba,ano po cartridge nito
0.8590,sa a4 lang po ito pwede,a4 size lang po pwede
0.8865,compatible po ba sa kata laptop windows 10 at sa ibng cellphones,compatible po ba sya sa windows 10 laptop
0.8675,compatible po ba sa kata laptop windows 10 at sa ibng cellphones,compatible po ba to sa windows 10 notebook
0.9237,continuous ink po ba ito,continuous ink na po sya
0.9355,continuous ink po ba ito,continuos ink napo ba ito
0.8603,continuous ink po ba ito,continues ba ink nito
0.8811,continuous ink po ba ito,may continuous ink ba kayo nyan
0.8888,continuous ink po ba ito,continuous ink po b ito
0.9662,continuous ink po ba ito,continous ink po ba ito
0.9226,continuous ink po ba ito,continous ink po ba yan
0.8542,continuous ink po ba ito,continues po ba ang ink nito
0.8911,pwede po ba kahit sa laptop lang po sya,pwede po ba yan sa laptop
0.8668,pwede po ba sa maramihang xerox,pwede na ba yang pang xerox
0.8835,may kasama na ba itong ink cartriges,may ink cartridge na po ba ito
0.9123,may kasama na ba itong ink cartriges,may kasama n po ba itong ink cartridge
0.8822,compatible po b ito sa windows 81,compatible po ba ito sa windows 81 32 bit
0.8824,how much ang inks,magkano po ang ink nito
0.9350,how much ang inks,magkano ang ink
0.9480,how much ang inks,how much po ang ink
0.9177,how much ang inks,magkano p ung ink nia
0.9319,how much ang inks,magkano po ang ink
0.9058,pwede babg ciss ito,pwede po ba ito lagyan ng ciss
0.8806,pwede babg ciss ito,pwede po ba to ipa ciss
0.9315,pwede babg ciss ito,pwede bang ipa ciss yan
0.9066,pwede babg ciss ito,pwede po ba ipa ciss to
0.8709,pwede babg ciss ito,pwede ba tong gawing ciss
0.8961,black and white lang po ba toh,black and white lang po ba napprint nya
0.9248,black and white lang po ba toh,black and white lang po ba colored nito
0.8890,black and white lang po ba toh,colored po ba o black and white lang
0.9366,compatible po ba ito sa apple macos high sierra,compatible po ba ito sa macos high sierra
0.8645,may kasama na po ba itong cartridge,may ink cartridge na po ba ito
0.9122,may kasama na po ba itong cartridge,may kasama na po bang cartridge
0.9605,may kasama na po ba itong cartridge,may with cartridge na po ba ito
0.8837,may kasama na po ba itong cartridge,may kasama n po ba itong ink cartridge
0.8898,may kasama na po ba itong cartridge,may cartridge na ito
0.8682,may kasama na po ba itong cartridge,with cartridge napoh ba ito
0.8689,pwede po ba itong mag print sa legal size,pwede ba dto ang legal size
0.8848,may free ink na po ba itong kasama,may free ink po ba
0.9344,may free ink na po ba itong kasama,may free ink na po ba eto
0.9789,may free ink na po ba itong kasama,may kasama po bang free ink ito
0.8591,hello po my available po ba kayo ngayon,hello po may available na po ba
0.8525,hello po my available po ba kayo ngayon,hello po available pa ba ito
0.8535,hi may free ink n po bah ito,may kasama po bang free ink ito
0.8701,pwd bang kabitan ng continuous ink,pwd ba ito ma kabitan ng continues ink
0.8635,continues ink po b ito,continuous ink po b ito
0.9348,continues ink po b ito,continues ink po b yn
0.8866,continues ink po b ito,continues ink po ba yan
0.8987,continues ink po b ito,continues ink p b yn
0.8837,convertable ba ito sa ciss thanks,pwede po ba ito ipaconvert to ciss
0.8876,pg810 at 811 ba ang ink nito,pg810 and cl811 po ba ink nito
0.9110,compatible po sa windows 10,compatible po ba ito sa windows 10
0.9182,compatible po sa windows 10,compatible b sya with windows 10
0.9598,compatible po sa windows 10,compatible ba to sa windows 10
0.8692,compatible po sa windows 10,compatible po ba sya sa windows 10 laptop
0.9050,compatible po sa windows 10,compatible po ba to sa windows 10 notebook
0.8504,compatible po sa windows 10,compatible ba sya sa windows 9
0.9162,may scanner po ba xerox,may scanner at xerox na ba to
0.9857,compatible ba xa sa windows xp,compatible ba sa windows xp
0.8583,pwd po to sa photo print,pwed b mag print sa photo paper
0.8508,black and colored cartridge included,may kasama na po yang cartidge na black at colored
0.8616,pwede po ba itong iconvert at gawing ciss,pwede po ba iconvert to sa ciss
0.9279,hi refillable ba ang ink,refillable ba ang ink
0.8811,brand new po ba ito,brand new po ba ito sir maam
0.8598,nasa magkano po ink neto,magkano p ung ink nia
0.8986,pwede po 220gsm paper dito,pwede ba dito 230gsm na paper
0.8916,continous ink ba ito or cartridge,cartridge po ba ito o continous ink po
0.8923,may kasamang black and colored cartridge ba eto,may kasama na po yang cartidge na black at colored
0.8500,continuous ink na po ba 2,continuous ink po b ito
0.8530,pde po ba ito instal ng ciss,pwede ba installan ng ciss
0.8858,magkano yung ink cartridge para dito,magkano po ang ink cartridge sa printer na po ito
0.9128,ai di po sya pwede sa windows 10 laptop,pwede po ba to sa laptop na windows 10
0.9404,pwede po ba palagyan ng ciss,pwede po ba to ipa ciss
0.8656,pwede po ba palagyan ng ciss,pwede bang ipa ciss yan
0.9136,pwede po ba palagyan ng ciss,pwede po ba ipa ciss to
0.8976,pwede po ba palagyan ng ciss,pwede ba tong gawing ciss
0.9574,compatible po ba to sa macbook air 13 macos 14,compatible po ba to sa macbook air 13 macos 1014
0.8961,pwede po ba sublimatiin ink dito,pwede po ba to sa sublimation ink
0.8634,hello meron ba ganitong printer na pigment ung ink,hi pwede ba dito ung pigment ink
0.8730,pigment ink ba ito,pwede po bang pigment ink
0.8779,may ink ba ito,may ink na po ba eto kasama
0.8541,may ink ba ito,anu ink nito
0.8793,anong cartridge po ang ginagamit,anong cartridge po ginagamit sa printer
0.8573,anong cartridge po ang ginagamit,ano po cartridge nito
0.8904,continous na po ba ito,contineous po ba ito
0.9589,pwede po b iconvert to sa ciss,pwede po ba iconvert to sa ciss
0.8849,anong ink gamit nito thnks,anong ink po gamit dito
0.8728,may free cartridge na po kasama,may free cartridge na po ba yan sa loob
0.8506,kaya ba mag print to sa long band paper,pwede ba ito sa long bond paper
0.8637,pwede po va magprint ng long and short bond paper,pwedeng mag input ng long bond paper or short bond lang
0.8601,pwede ba yan sa hotspot ng cp,pwede ba to sa oppo na cp
0.8978,kaya po ba nitong magscan hanggang long bond paper,pwede ba ito sa long bond paper
0.8787,kaya po ba nitong magscan hanggang long bond paper,kaya po ba nito ephotocopy ang long bond paper
0.9582,may xerox po ba sya,may xerox po ba ito
0.8758,ok pothank you,ok thank you po
0.8652,ano pong kasama ng package,ano po inclusion sa package
0.9285,black white lang ba print ng picture,black and white lang po ba ang print ng pictures
0.8564,compatible po ba sa nokia 6 thank you,fit ba to sa nokia 6
0.8624,me kasama naba tong paper,may kasama na po na papel
0.9004,compatible po ba sa iphone 6 thank you,compatible po ba yan sa iphone 6
0.9204,compatible po ba sa iphone 6 thank you,compatible ba to sa iphone 6
0.9382,kailangan pa po ba ng ink,kailangan po ba ng ink
0.9572,kailangan pa po ba ng ink,need pa ba ito ng ink
0.8579,hi may pink po ba kayo,may pink po ba
0.8957,where to buy the ink kapag naubos na,saan bibili ng ink
0.8724,pwede b ito sa brother l2540dw,pwede po sa brother l2540 d masisisra
0.8781,magkano po ang toner,magkano po ang toner nyan if ever
0.8531,magkano po ang toner,gano katagal maubos ang toner
0.9564,magkano po ang toner,how much ang toner niyan
0.8818,magkano po ang toner,magkano naman ang full toner nito
0.9577,pwede po ba colored,pwede ba sa colored
0.8585,hi nakakapag xerox po ba ng long size bond paper,hello pwede ba ito mag scan ng long size bond paper
0.9214,pwede po dito color print,pwede po ba colored printing
0.8630,a3 po ba to,pwese po ba to aa a3
0.8509,may kasama na po bang cord na pang ios,may cord din po bang pang ios kasama sa box
0.8515,compatible po ba ito sa samsung galaxy prime thank you,compatible ba ito sa samsung galaxy s3
0.8619,compatible po ba ito sa samsung galaxy prime thank you,compatible po ba sya sa samsung galaxy j5 prime
0.9141,pde po b cia sa samsung galaxy tab a6,pedi po ba sa samsung galaxy a6
0.8622,compatible po ba ito sa samsung j2 2016,pwdi po ba yan sa samsung j2
0.8588,kasama ba ang usb cable nito na pang android,braided po ba yung kasamang usb cable nito
0.8878,pwede po xa s huawei y6 unit maam,sa huawei y6 po pwede po ba
0.8591,pwede po xa s huawei y6 unit maam,pwede poba ito sa huawei y6
0.8582,pwede po xa s huawei y6 unit maam,pwede po ba sa huawei y6ii
0.8689,meron po ba itong cable ng android,may kasama na bang cable to for android
0.8685,compatible po ba ito salahat nang charger cable,may kasama po bang cable charger ito
0.9342,san ako magcha chat,san ako mag chachat
0.8541,wala po kasama usb cord,with usb cord ba ito
0.9596,me kasama napo itong usb cable tnx,me kasama npo itong usb cord tnx
0.8548,hi pwede po ba sa vivo y51,pwede po ba sa vivo y71
0.8539,pwede ba sia sa huawei p8 ung micro ung cable,wala pa ba sia kasamang cable for huawei p8
0.8633,pwede ba sia sa huawei p8 ung micro ung cable,pweee ba sia sa huawei p8 ung micro ung saksakan
0.9152,hi may kasama na bang cable charger yan,may kasama po bang cable charger ito
0.9454,may kasama na ba tong chord,kasama po ba yung chord
0.8779,may connector na po itong kasama,merong kasama po ba yng connector
0.8955,pwedi sa oppo a83,pede po ba sa oppo a83
0.8533,ok din po ba to sa iphone,okay po ba ito sa iphone xr
0.8669,pede po b sa iphone5,pd po sa iphone5s
0.9170,pede po b sa iphone5,pwedi po ba iphone 5
0.8541,pede po b sa iphone5,pwede po iphone 5
0.8857,pwede po sa lenovo k6 note,pwede po ba yan sa lenovo k6
0.9095,pwede po ba yan sa 5 inches na screen,pwede po ba ito sa mga 5 inches phone
0.8521,a3s pde po ba,pwde po ba oppo a3s
0.8704,a3s pde po ba,pwd po ba s oppo a3s
0.8524,pede sa vivoy91,kasya sa vivoy91
0.9054,pwede ba to sa asus zenfone max pro m1,pwede po ba ito sa asus max pro m1
0.8783,kasya po sya sa 4s,kasya po ba sya sa iphone 4s
0.9299,pwede ba sa vivo y81i,pwede poba sa vivo y81i
0.9439,pwede ba sa vivo y81i,pwede po bayan sa vivo y81i
0.9610,pwede ba sa vivo y81i,pwede po ba sa vivo y81
0.9314,pwede ba sa vivo y81i,pwede po ba sa vivo y81 yan
0.9434,pwede ba sa vivo y81i,pwede po bq ito sa vivo y81i
0.9504,pwede ba sa vivo y81i,pwede po ba to sa vivo y81
0.8576,pwedi po b i2 sa xiaomi redmi 5,pede po ba sa xiaomi redmi 5a
0.8546,pwedi po b i2 sa xiaomi redmi 5,pwede b sa xiaomi redmi 5 plus
0.9103,pwede po ba to sa a3s,pwede po ba oppo a3s
0.8734,pwede po ba to sa a3s,pwede po sa oppo a3s
0.8502,pwede po ba to sa a3s,allowed po ba ito sa oppo a3s
0.9279,pwede po ba to sa a3s,pwede po ba ito sa oppo a3s
0.9121,pwede po ba to sa a3s,pwede po ba sa oppo a3s
0.8615,pwede po ba to sa a3s,pwede po ba sya sa oppo a3
0.8515,samsung j7 pro po,pede po ba samsung galaxy j7 pro
0.8506,samsung j7 pro po,pwde po sa samsung j7 core
0.8615,pwede po ba ito sa lg q6,pwede ba yan sa ip6
0.8785,pwede po bah xa sa vivo y5,pwede po ba to sa vivo y55s
0.9211,pwede po ba ito sa note 8,pwede ba to sa note9
0.8525,pwede po ba iphone xs,kasya po ba ito sa iphone xs max
0.8611,pwede sa j7 pro,pwede po aa j7 prime
0.8531,pwede sa j7 pro,pwede ba po yan sa samsung j7 pro
0.8580,pwede sa j7 pro,compatible po ba sya sa j7 pro
0.9022,ask ko lang po pwede po ba yan sa samsung j4,pwede po ba sa samsung j4
0.9107,ask ko lang po pwede po ba yan sa samsung j4,pwede po ba to sa samsung j4
0.8739,ask ko lang po pwede po ba yan sa samsung j4,pwede po b sa samsung j4
0.8626,pwede po sa samsung galaxy s4,pwede po ba sa samsung j4
0.8515,pwede po sa samsung galaxy s4,pwede po ba sa tablet na samsung galaxy tab 4
0.8524,pwede po sa samsung galaxy s4,pwede po ba to sa samsung j4
0.8511,pwede po sa samsung galaxy s4,pwede po b sa samsung j4
0.9777,pwede po sa samsung galaxy s4,pwede b to sa samsung galaxy s4
0.8613,pwede po sa samsung galaxy s4,pwede po ba ito sa samsung galaxy s5
0.8583,pwede po ba sa pocophone f1,pwede po sa oppo f1f
0.9665,pwede po ba sa pocophone f1,pwede po ba ito sa pocophone f1
0.9249,hindi ba makadamage sa screen,di ba nakakagasgas ng screen
0.8613,pwede sa vivo 9,pwede po ba ito sa vivo v9
0.8631,pwedi po ba sa tab,pwede po ba toh sa tab
0.8525,pwd ba yan sa huaweiy 7,pede po ba yan sa huawei y6
0.8519,kasya ba samsung j8,pwede sa samsung j8
0.8689,pwede po ba sa samsung galaxy e5,pwede po ba ito sa samsung galaxy s5
0.8574,pwede po ba sya sa s7 edge,compatible po ba sa s7 edge
0.9326,pwede po ba sya sa samsung j4 plus,pwede po ba to sa samsung j4
0.9021,pwede po ba sya sa samsung j4 plus,pwede po b sa samsung j4
0.8617,pwede po ba to sa redmi note 5 pro,pwede ba yan sa xiaomi redmi note 5a
0.8749,pwede po ba ito s soney xperia xa1 ultra,pwede po ba ito sa sonny xperia c5 ultra
0.8958,pwede po ba sya sa vivo v9thanks po,pwede po ba ito sa vivo v9
0.9667,pwede po ba sa mobile legends yan,pwede ba toh sa mobile legends
0.9274,my ibang color po ba yan,may ibang kulay po ba yan
0.8871,pwede po ba sa huawei nova 2lite,pwed ba sa huawei nova 2i
0.8712,pwede po ba sa huawei nova 2lite,pwde to sa huawei nova 2i ty
0.9160,pwede po ba to sa lenovo a6000,pwede ba lenovo a5000
0.8708,pwede din po ba to sa kahit anong size ng phone,pwede ba ito sa kahit na anong phone
0.8812,pwede poh bah sa j5 on5 prime,pwede ba ito sa j5 prime
0.9249,pede sa vivo y53,pedi po ba sa vivo y53
0.8888,pwede po b sa huawei nova 3i thanks,pwede poba to sa huawei nova 3i
0.8552,pwede po b sa huawei nova 3i thanks,pudi po ba ito sa huawei nova 3i
0.8517,pwede bto sa oppo f7,pwd po ba sa oppo f7
0.9344,pwede bto sa oppo f7,pwede po b eto sa oppo f7
0.8946,pwede sa xiaomi redmi note 5 pro,pwede ba yan sa xiaomi redmi note 5a
0.8580,pde po ba sya sa iphone 5s,hello po pwd po ba ito sa iphone5
0.9071,pde po ba sya sa iphone 5s,fit po ba sa iphone 5s to
0.8773,pwede ba ito sa xiomi red note 4,compatuble ba siya sa redmi note 4
0.9211,pwede po ba yan sa lahat ng phone,pwede ba ito sa kahit na anong phone
0.9203,pwede po ba vivo v9 sirmam,pwede po ba ito sa vivo v9
0.9450,pede po ba sa huawei y5 2017,pwede po ba itp sa huawei y5 2017
0.8845,compatible with iphone 6plus,compatible ba to sa iphone 6
0.9294,ask lang po ako elang araw po ito dadting sa akin,ask lang po ako elang araw po ito dadating maam sir
0.9123,12pcs order ang binigay 3pcs ang mahal na ng shipping ang mahal pa pala neto 60 isa pala kaloka,12pcs order ang binigay 3pcs ang mahal na ng shiffing ang mahal pa pala neto 60 isa pala kaloka
0.9828,nice nice nicegood and affordable price legit sya,nice nice nice good and affordable price legit sya
0.8890,ok naman sya,ok naman po
0.8567,ok naman sya,ok na rin
0.8603,maganda po syaaaa madikit,nice ang ganda
0.8875,i dont try it yet pero sana ok sya,havent try it yet tingin ko nmn maganda sya
0.9036,white po order ko gray dumating,nakakadismaya white ang order ko gray ang pinadala
